index,d__Bacteria;p__Firmicutes;c__Clostridia;o__Lachnospirales;f__Lachnospiraceae;g__Blautia,d__Bacteria;p__Actinobacteriota;c__Actinobacteria;o__Bifidobacteriales;f__Bifidobacteriaceae;g__Bifidobacterium,d__Bacteria;p__Firmicutes;c__Clostridia;o__Oscillospirales;f__Ruminococcaceae;g__Faecalibacterium,d__Bacteria;p__Actinobacteriota;c__Coriobacteriia;o__Coriobacteriales;f__Coriobacteriaceae;g__Collinsella,d__Bacteria;p__Firmicutes;c__Clostridia;o__Lachnospirales;f__Lachnospiraceae;g__Anaerostipes,d__Bacteria;p__Firmicutes;c__Clostridia;o__Lachnospirales;f__Lachnospiraceae;g__Fusicatenibacter,d__Bacteria;p__Firmicutes;c__Clostridia;o__Lachnospirales;f__Lachnospiraceae;g__[Ruminococcus]_gnavus_group,d__Bacteria;p__Firmicutes;c__Clostridia;o__Oscillospirales;f__Ruminococcaceae;g__Subdoligranulum,d__Bacteria;p__Firmicutes;c__Bacilli;o__Erysipelotrichales;f__Erysipelatoclostridiaceae;g__Erysipelotrichaceae_UCG-003,d__Bacteria;p__Firmicutes;c__Clostridia;o__Lachnospirales;f__Lachnospiraceae;g__Agathobacter,d__Bacteria;p__Proteobacteria;c__Gammaproteobacteria;o__Enterobacterales;f__Enterobacteriaceae;g__Escherichia-Shigella,d__Bacteria;p__Firmicutes;c__Clostridia;o__Lachnospirales;f__Lachnospiraceae;g__Coprococcus,d__Bacteria;p__Firmicutes;c__Clostridia;o__Lachnospirales;f__Lachnospiraceae;g__[Eubacterium]_hallii_group,d__Bacteria;p__Firmicutes;c__Clostridia;o__Peptostreptococcales-Tissierellales;f__Peptostreptococcaceae;g__Romboutsia,d__Bacteria;p__Bacteroidota;c__Bacteroidia;o__Bacteroidales;f__Bacteroidaceae;g__Bacteroides,d__Bacteria;p__Firmicutes;c__Clostridia;o__Lachnospirales;f__Lachnospiraceae;g__Dorea,d__Bacteria;p__Firmicutes;c__Bacilli;o__Lactobacillales;f__Streptococcaceae;g__Streptococcus,d__Bacteria;p__Firmicutes;c__Clostridia;o__Lachnospirales;f__Lachnospiraceae;g__[Ruminococcus]_torques_group,d__Bacteria;p__Firmicutes;c__Clostridia;o__Lachnospirales;f__Lachnospiraceae;__,d__Bacteria;p__Firmicutes;c__Clostridia;o__Monoglobales;f__Monoglobaceae;g__Monoglobus,d__Bacteria;p__Firmicutes;c__Clostridia;o__Oscillospirales;f__Ruminococcaceae;g__Ruminococcus,d__Bacteria;p__Firmicutes;c__Clostridia;o__Oscillospirales;f__Butyricicoccaceae;g__Butyricicoccus,d__Bacteria;p__Firmicutes;c__Clostridia;o__Lachnospirales;f__Lachnospiraceae;g__Lachnospiraceae_ND3007_group,d__Bacteria;p__Bacteroidota;c__Bacteroidia;o__Bacteroidales;f__Prevotellaceae;g__Prevotella_9,d__Bacteria;p__Firmicutes;c__Clostridia;o__Peptostreptococcales-Tissierellales;f__Peptostreptococcaceae;g__Intestinibacter,d__Bacteria;p__Bacteroidota;c__Bacteroidia;o__Bacteroidales;f__Rikenellaceae;g__Alistipes,d__Bacteria;p__Bacteroidota;c__Bacteroidia;o__Bacteroidales;f__Tannerellaceae;g__Parabacteroides,d__Bacteria;p__Firmicutes;c__Clostridia;o__Lachnospirales;f__Lachnospiraceae;g__CAG-56,d__Bacteria;p__Firmicutes;c__Clostridia;o__Lachnospirales;f__Lachnospiraceae;g__[Eubacterium]_ventriosum_group,d__Bacteria;p__Firmicutes;c__Bacilli;o__Erysipelotrichales;f__Erysipelotrichaceae;g__Turicibacter,d__Bacteria;p__Firmicutes;c__Clostridia;o__Lachnospirales;f__Lachnospiraceae;g__Roseburia,d__Bacteria;p__Firmicutes;c__Clostridia;o__Lachnospirales;f__Lachnospiraceae;g__Lachnospiraceae_UCG-004,d__Bacteria;p__Firmicutes;c__Clostridia;o__Oscillospirales;f__Ruminococcaceae;__,d__Bacteria;p__Firmicutes;c__Clostridia;o__Oscillospirales;f__Oscillospiraceae;g__uncultured,d__Bacteria;p__Firmicutes;c__Clostridia;o__Lachnospirales;f__Lachnospiraceae;g__Lachnoclostridium,d__Bacteria;p__Firmicutes;c__Clostridia;o__Clostridiales;f__Clostridiaceae;g__Clostridium_sensu_stricto_1,d__Bacteria;p__Firmicutes;c__Bacilli;o__Lactobacillales;f__Lactobacillaceae;g__Ligilactobacillus,d__Bacteria;p__Firmicutes;c__Clostridia;o__Lachnospirales;f__Lachnospiraceae;g__[Ruminococcus]_gauvreauii_group,d__Bacteria;p__Firmicutes;c__Clostridia;o__Christensenellales;f__Christensenellaceae;g__Christensenellaceae_R-7_group,d__Bacteria;p__Firmicutes;c__Negativicutes;o__Veillonellales-Selenomonadales;f__Veillonellaceae;g__Dialister,d__Bacteria;p__Desulfobacterota;c__Desulfovibrionia;o__Desulfovibrionales;f__Desulfovibrionaceae;g__Bilophila,d__Bacteria;p__Firmicutes;c__Clostridia;o__Oscillospirales;f__[Eubacterium]_coprostanoligenes_group;g__[Eubacterium]_coprostanoligenes_group,d__Bacteria;p__Firmicutes;c__Clostridia;o__Lachnospirales;f__Lachnospiraceae;g__Tyzzerella,d__Bacteria;p__Firmicutes;c__Clostridia;o__Oscillospirales;f__Ruminococcaceae;g__Incertae_Sedis,d__Bacteria;p__Firmicutes;c__Clostridia;o__Oscillospirales;f__Ruminococcaceae;g__CAG-352,d__Bacteria;p__Firmicutes;c__Clostridia;o__Lachnospirales;f__Lachnospiraceae;g__Lachnospira,d__Bacteria;p__Firmicutes;c__Clostridia;o__Oscillospirales;f__Oscillospiraceae;g__UCG-002,d__Bacteria;p__Firmicutes;c__Clostridia;o__Oscillospirales;f__Oscillospiraceae;g__Flavonifractor,d__Bacteria;p__Bacteroidota;c__Bacteroidia;o__Bacteroidales;f__Prevotellaceae;g__Paraprevotella,d__Bacteria;p__Firmicutes;c__Bacilli;o__Erysipelotrichales;f__Erysipelatoclostridiaceae;g__Erysipelatoclostridium,d__Bacteria;p__Firmicutes;c__Negativicutes;o__Acidaminococcales;f__Acidaminococcaceae;g__Phascolarctobacterium,d__Bacteria;p__Firmicutes;c__Clostridia;o__Lachnospirales;f__Lachnospiraceae;g__[Eubacterium]_ruminantium_group,d__Bacteria;p__Firmicutes;c__Bacilli;o__Erysipelotrichales;f__Erysipelotrichaceae;g__Holdemanella,d__Bacteria;p__Firmicutes;c__Bacilli;o__Erysipelotrichales;f__Erysipelatoclostridiaceae;g__Catenibacterium,d__Bacteria;p__Proteobacteria;c__Gammaproteobacteria;o__Burkholderiales;f__Sutterellaceae;g__Parasutterella,d__Bacteria;p__Firmicutes;c__Negativicutes;o__Veillonellales-Selenomonadales;f__Selenomonadaceae;g__Megamonas,d__Bacteria;p__Actinobacteriota;c__Coriobacteriia;o__Coriobacteriales;f__Eggerthellaceae;g__Eggerthella,d__Bacteria;p__Firmicutes;c__Clostridia;o__Oscillospirales;f__Oscillospiraceae;g__NK4A214_group,d__Bacteria;p__Firmicutes;c__Clostridia;o__Oscillospirales;f__Ruminococcaceae;g__uncultured,d__Bacteria;p__Actinobacteriota;c__Coriobacteriia;o__Coriobacteriales;f__Eggerthellaceae;g__Adlercreutzia,d__Bacteria;p__Firmicutes;c__Clostridia;o__Oscillospirales;f__Oscillospiraceae;g__UCG-005,d__Bacteria;p__Firmicutes;c__Clostridia;o__Oscillospirales;f__Oscillospiraceae;g__Intestinimonas,d__Bacteria;p__Firmicutes;c__Clostridia;o__Peptostreptococcales-Tissierellales;f__Anaerovoracaceae;g__Family_XIII_AD3011_group,d__Bacteria;p__Firmicutes;c__Negativicutes;o__Veillonellales-Selenomonadales;f__Veillonellaceae;g__Veillonella,d__Bacteria;p__Firmicutes;c__Clostridia;o__Christensenellales;f__Christensenellaceae;__,d__Bacteria;p__Firmicutes;c__Bacilli;o__Lactobacillales;f__Lactobacillaceae;g__Latilactobacillus,d__Bacteria;p__Firmicutes;c__Clostridia;o__Oscillospirales;f__Butyricicoccaceae;g__UCG-009,d__Bacteria;p__Firmicutes;c__Clostridia;o__Lachnospirales;f__Lachnospiraceae;g__[Eubacterium]_eligens_group,d__Bacteria;p__Firmicutes;c__Bacilli;o__Lactobacillales;f__Lactobacillaceae;g__Lactobacillus,d__Bacteria;p__Proteobacteria;c__Gammaproteobacteria;o__Burkholderiales;f__Sutterellaceae;g__Sutterella,d__Bacteria;p__Verrucomicrobiota;c__Verrucomicrobiae;o__Verrucomicrobiales;f__Akkermansiaceae;g__Akkermansia,d__Bacteria;p__Firmicutes;c__Clostridia;o__Lachnospirales;f__Lachnospiraceae;g__[Eubacterium]_xylanophilum_group,d__Bacteria;p__Firmicutes;c__Clostridia;o__Oscillospirales;f__Ruminococcaceae;g__UBA1819,d__Bacteria;p__Desulfobacterota;c__Desulfovibrionia;o__Desulfovibrionales;f__Desulfovibrionaceae;g__Desulfovibrio,d__Bacteria;p__Firmicutes;c__Clostridia;o__Clostridia_UCG-014;f__Clostridia_UCG-014;g__Clostridia_UCG-014,d__Bacteria;p__Firmicutes;c__Clostridia;o__Lachnospirales;f__Lachnospiraceae;g__Sellimonas,d__Bacteria;p__Bacteroidota;c__Bacteroidia;o__Bacteroidales;f__Rikenellaceae;g__Rikenellaceae_RC9_gut_group,d__Bacteria;p__Proteobacteria;c__Gammaproteobacteria;o__Enterobacterales;f__Enterobacteriaceae;g__Klebsiella,d__Bacteria;p__Actinobacteriota;c__Actinobacteria;o__Bifidobacteriales;f__Bifidobacteriaceae;__,d__Bacteria;p__Firmicutes;c__Bacilli;o__Erysipelotrichales;f__Erysipelotrichaceae;g__[Clostridium]_innocuum_group,d__Bacteria;p__Firmicutes;c__Bacilli;o__Lactobacillales;f__Lactobacillaceae;g__Weissella,d__Bacteria;p__Bacteroidota;c__Bacteroidia;o__Bacteroidales;f__Marinifilaceae;g__Odoribacter,d__Bacteria;p__Firmicutes;c__Clostridia;o__Oscillospirales;f__Oscillospiraceae;__,d__Bacteria;p__Firmicutes;c__Clostridia;o__Oscillospirales;f__Butyricicoccaceae;__,d__Bacteria;p__Firmicutes;c__Bacilli;o__Bacillales;f__Bacillaceae;g__Bacillus,d__Bacteria;p__Firmicutes;c__Clostridia;o__Lachnospirales;f__Lachnospiraceae;g__Frisingicoccus,d__Bacteria;p__Proteobacteria;c__Gammaproteobacteria;o__Enterobacterales;f__Pasteurellaceae;g__Haemophilus,d__Bacteria;p__Firmicutes;c__Clostridia;o__Lachnospirales;f__Lachnospiraceae;g__Marvinbryantia,d__Bacteria;p__Firmicutes;c__Bacilli;o__Erysipelotrichales;f__Erysipelotrichaceae;g__Faecalitalea,d__Bacteria;p__Actinobacteriota;c__Coriobacteriia;o__Coriobacteriales;f__Eggerthellaceae;g__Senegalimassilia,d__Bacteria;p__Bacteroidota;c__Bacteroidia;o__Bacteroidales;f__Muribaculaceae;g__Muribaculaceae,d__Bacteria;p__Firmicutes;c__Bacilli;o__Erysipelotrichales;f__Erysipelotrichaceae;__,d__Bacteria;p__Firmicutes;c__Clostridia;o__Oscillospirales;f__Oscillospiraceae;g__Oscillibacter,d__Bacteria;p__Firmicutes;c__Clostridia;o__Lachnospirales;f__Lachnospiraceae;g__Tuzzerella,d__Bacteria;p__Fusobacteriota;c__Fusobacteriia;o__Fusobacteriales;f__Fusobacteriaceae;g__Fusobacterium,d__Bacteria;p__Firmicutes;c__Clostridia;o__Lachnospirales;f__Lachnospiraceae;g__Lachnospiraceae_UCG-010,d__Archaea;p__Euryarchaeota;c__Methanobacteria;o__Methanobacteriales;f__Methanobacteriaceae;g__Methanobrevibacter,d__Bacteria;p__Firmicutes;c__Clostridia;o__Oscillospirales;f__UCG-010;g__UCG-010,d__Bacteria;p__Firmicutes;c__Clostridia;o__Lachnospirales;f__Lachnospiraceae;g__Eisenbergiella,d__Bacteria;p__Firmicutes;c__Clostridia;o__Oscillospirales;__;__,d__Bacteria;p__Actinobacteriota;c__Coriobacteriia;o__Coriobacteriales;f__Atopobiaceae;g__Olsenella,d__Bacteria;p__Firmicutes;c__Negativicutes;o__Veillonellales-Selenomonadales;f__Veillonellaceae;g__Megasphaera,d__Bacteria;p__Firmicutes;c__Clostridia;o__Oscillospirales;f__Ruminococcaceae;g__[Eubacterium]_siraeum_group,d__Bacteria;p__Bacteroidota;c__Bacteroidia;o__Bacteroidales;f__Prevotellaceae;g__Prevotella,d__Bacteria;p__Firmicutes;c__Bacilli;o__Lactobacillales;f__Enterococcaceae;g__Enterococcus,d__Bacteria;p__Firmicutes;c__Bacilli;o__Lactobacillales;f__Lactobacillaceae;g__Limosilactobacillus,d__Bacteria;p__Firmicutes;c__Bacilli;o__Lactobacillales;f__Streptococcaceae;g__Lactococcus,d__Bacteria;p__Actinobacteriota;c__Coriobacteriia;o__Coriobacteriales;f__Atopobiaceae;g__Libanicoccus,d__Bacteria;p__Actinobacteriota;c__Coriobacteriia;o__Coriobacteriales;f__Eggerthellaceae;g__uncultured,d__Bacteria;p__Firmicutes;c__Clostridia;o__Oscillospirales;f__Oscillospiraceae;g__Colidextribacter,d__Bacteria;p__Bacteroidota;c__Bacteroidia;o__Bacteroidales;f__Barnesiellaceae;g__Barnesiella,d__Archaea;p__Euryarchaeota;c__Methanobacteria;o__Methanobacteriales;f__Methanobacteriaceae;g__Methanosphaera,d__Bacteria;p__Bacteroidota;c__Bacteroidia;o__Bacteroidales;f__Barnesiellaceae;g__Coprobacter,d__Bacteria;p__Firmicutes;c__Clostridia;o__Lachnospirales;f__Lachnospiraceae;g__Howardella,d__Bacteria;p__Firmicutes;c__Clostridia;o__Peptostreptococcales-Tissierellales;f__Peptostreptococcaceae;g__Terrisporobacter,d__Bacteria;p__Firmicutes;c__Clostridia;o__Lachnospirales;f__Lachnospiraceae;g__GCA-900066575,d__Bacteria;p__Firmicutes;c__Negativicutes;o__Acidaminococcales;f__Acidaminococcaceae;g__Acidaminococcus,d__Bacteria;p__Firmicutes;c__Clostridia;__;__;__,d__Bacteria;p__Firmicutes;c__Bacilli;o__Erysipelotrichales;f__Erysipelotrichaceae;g__Faecalicoccus,d__Bacteria;p__Firmicutes;c__Bacilli;o__Erysipelotrichales;f__Erysipelotrichaceae;g__Solobacterium,d__Bacteria;p__Proteobacteria;c__Gammaproteobacteria;o__Enterobacterales;f__Enterobacteriaceae;__,d__Bacteria;p__Firmicutes;c__Clostridia;o__Lachnospirales;f__Lachnospiraceae;g__UC5-1-2E3,d__Bacteria;p__Firmicutes;c__Clostridia;o__Peptostreptococcales-Tissierellales;f__Anaerovoracaceae;g__Family_XIII_UCG-001,d__Bacteria;p__Firmicutes;c__Bacilli;o__Lactobacillales;f__Lactobacillaceae;__,d__Bacteria;p__Firmicutes;c__Negativicutes;o__Veillonellales-Selenomonadales;f__Veillonellaceae;g__Allisonella,d__Bacteria;p__Actinobacteriota;c__Coriobacteriia;o__Coriobacteriales;f__Eggerthellaceae;__,d__Bacteria;p__Firmicutes;c__Clostridia;o__Eubacteriales;f__Eubacteriaceae;g__Eubacterium,d__Bacteria;p__Firmicutes;c__Clostridia;o__Clostridia_vadinBB60_group;f__Clostridia_vadinBB60_group;g__Clostridia_vadinBB60_group,d__Bacteria;p__Firmicutes;c__Clostridia;o__Lachnospirales;f__Lachnospiraceae;g__[Bacteroides]_pectinophilus_group,d__Bacteria;p__Firmicutes;c__Clostridia;o__Peptostreptococcales-Tissierellales;f__Anaerovoracaceae;g__[Eubacterium]_brachy_group,d__Bacteria;p__Actinobacteriota;c__Coriobacteriia;o__Coriobacteriales;f__Eggerthellaceae;g__Slackia,d__Bacteria;p__Bacteroidota;c__Bacteroidia;o__Bacteroidales;f__Prevotellaceae;g__Prevotella_7,d__Bacteria;p__Firmicutes;c__Clostridia;o__Oscillospirales;f__Oscillospiraceae;g__UCG-003,d__Bacteria;p__Bacteroidota;c__Bacteroidia;o__Bacteroidales;__;__,d__Bacteria;__;__;__;__;__,d__Bacteria;p__Firmicutes;c__Bacilli;o__Lactobacillales;f__Lactobacillaceae;g__Leuconostoc,d__Bacteria;p__Firmicutes;c__Bacilli;o__Lactobacillales;f__Lactobacillaceae;g__HT002,d__Bacteria;p__Bacteroidota;c__Bacteroidia;o__Bacteroidales;f__Prevotellaceae;g__uncultured,d__Bacteria;p__Firmicutes;c__Bacilli;o__Lactobacillales;__;__,d__Bacteria;p__Actinobacteriota;c__Coriobacteriia;o__Coriobacteriales;f__Eggerthellaceae;g__Gordonibacter,d__Bacteria;p__Bacteroidota;c__Bacteroidia;o__Bacteroidales;f__Marinifilaceae;g__Butyricimonas,d__Bacteria;p__Firmicutes;c__Clostridia;o__Peptostreptococcales-Tissierellales;f__Peptostreptococcaceae;g__Peptostreptococcus,d__Bacteria;p__Firmicutes;c__Clostridia;o__Peptostreptococcales-Tissierellales;f__Peptostreptococcaceae;__,d__Bacteria;p__Actinobacteriota;c__Coriobacteriia;o__Coriobacteriales;f__Coriobacteriales_Incertae_Sedis;g__uncultured,d__Bacteria;p__Firmicutes;c__Bacilli;o__Erysipelotrichales;f__Erysipelotrichaceae;g__Catenisphaera,d__Bacteria;p__Actinobacteriota;c__Actinobacteria;o__Corynebacteriales;f__Nocardiaceae;g__Rhodococcus,d__Bacteria;p__Firmicutes;c__Clostridia;o__Lachnospirales;f__Lachnospiraceae;g__Lachnospiraceae_NC2004_group,d__Bacteria;p__Actinobacteriota;c__Coriobacteriia;o__Coriobacteriales;f__Eggerthellaceae;g__Enterorhabdus,d__Bacteria;p__Bacteroidota;c__Bacteroidia;o__Bacteroidales;f__Prevotellaceae;__,d__Bacteria;p__Proteobacteria;c__Gammaproteobacteria;o__Enterobacterales;f__Enterobacteriaceae;g__Raoultella,d__Bacteria;p__Bacteroidota;c__Bacteroidia;o__Bacteroidales;f__Prevotellaceae;g__Alloprevotella,d__Bacteria;p__Firmicutes;c__Clostridia;o__Lachnospirales;f__Lachnospiraceae;g__Lactonifactor,d__Bacteria;p__Bacteroidota;c__Bacteroidia;o__Bacteroidales;f__Barnesiellaceae;g__uncultured,d__Bacteria;p__Firmicutes;c__Negativicutes;o__Veillonellales-Selenomonadales;f__Selenomonadaceae;g__Mitsuokella,d__Bacteria;p__Firmicutes;c__Clostridia;o__Oscillospirales;f__Ruminococcaceae;g__Negativibacillus,d__Bacteria;p__Firmicutes;c__Clostridia;o__Peptostreptococcales-Tissierellales;f__Peptostreptococcaceae;g__uncultured,d__Bacteria;p__Firmicutes;c__Clostridia;o__Clostridiales;f__Clostridiaceae;g__Sarcina,d__Bacteria;p__Synergistota;c__Synergistia;o__Synergistales;f__Synergistaceae;g__Cloacibacillus,d__Bacteria;p__Firmicutes;c__Clostridia;o__Clostridiales;f__Clostridiaceae;__,d__Bacteria;p__Firmicutes;c__Clostridia;o__Lachnospirales;f__Lachnospiraceae;g__Hungatella,d__Bacteria;p__Bacteroidota;c__Bacteroidia;o__Bacteroidales;f__Tannerellaceae;g__Tannerellaceae,d__Bacteria;p__Firmicutes;c__Clostridia;o__Peptostreptococcales-Tissierellales;f__Anaerovoracaceae;__,d__Bacteria;p__Firmicutes;c__Bacilli;o__Lactobacillales;f__Lactobacillaceae;g__Lactiplantibacillus,d__Bacteria;p__Firmicutes;c__Clostridia;o__Oscillospirales;f__Ruminococcaceae;g__Fournierella,d__Bacteria;p__Firmicutes;c__Clostridia;o__Oscillospirales;f__[Clostridium]_methylpentosum_group;g__[Clostridium]_methylpentosum_group,d__Bacteria;p__Bacteroidota;c__Bacteroidia;o__Bacteroidales;f__uncultured;g__uncultured,d__Bacteria;p__Proteobacteria;c__Gammaproteobacteria;o__Xanthomonadales;f__Xanthomonadaceae;g__Stenotrophomonas,d__Bacteria;p__Firmicutes;c__Clostridia;o__Peptostreptococcales-Tissierellales;f__Family_XI;g__Parvimonas,d__Bacteria;p__Firmicutes;c__Clostridia;o__Oscillospirales;f__Ruminococcaceae;g__Caproiciproducens,d__Bacteria;p__Proteobacteria;c__Gammaproteobacteria;o__Burkholderiales;f__Oxalobacteraceae;g__Oxalobacter,d__Bacteria;p__Firmicutes;c__Clostridia;o__Lachnospirales;f__Lachnospiraceae;g__Epulopiscium,d__Bacteria;p__Firmicutes;c__Clostridia;o__Christensenellales;f__Christensenellaceae;g__Catabacter,d__Bacteria;p__Firmicutes;__;__;__;__,d__Bacteria;p__Verrucomicrobiota;c__Lentisphaeria;o__Victivallales;f__Victivallaceae;g__Victivallis,d__Bacteria;p__Synergistota;c__Synergistia;o__Synergistales;f__Synergistaceae;__,d__Bacteria;p__Firmicutes;c__Incertae_Sedis;o__DTU014;f__DTU014;g__DTU014,d__Bacteria;p__Firmicutes;c__Clostridia;o__Oscillospirales;f__Ruminococcaceae;g__DTU089,d__Bacteria;p__Firmicutes;c__Clostridia;o__Peptostreptococcales-Tissierellales;f__Family_XI;g__Finegoldia,d__Bacteria;p__Actinobacteriota;c__Actinobacteria;o__Actinomycetales;f__Actinomycetaceae;g__Actinomyces,d__Bacteria;p__Proteobacteria;c__Gammaproteobacteria;o__Enterobacterales;__;__,d__Bacteria;p__Firmicutes;c__Clostridia;o__Peptostreptococcales-Tissierellales;f__Family_XI;g__Peptoniphilus,d__Bacteria;p__Firmicutes;c__Clostridia;o__Eubacteriales;f__Anaerofustaceae;g__Anaerofustis,d__Bacteria;p__Firmicutes;c__Negativicutes;o__Veillonellales-Selenomonadales;f__Veillonellaceae;g__Anaeroglobus,d__Bacteria;p__Firmicutes;c__Clostridia;o__Lachnospirales;f__Lachnospiraceae;g__Catenibacillus,d__Bacteria;p__Firmicutes;c__Clostridia;o__Clostridiales;f__Clostridiaceae;g__Clostridium_sensu_stricto_13,d__Bacteria;p__Firmicutes;c__Clostridia;o__Oscillospirales;f__Ruminococcaceae;g__Paludicola,d__Bacteria;p__Actinobacteriota;c__Coriobacteriia;o__Coriobacteriales;f__uncultured;g__uncultured,d__Bacteria;p__Firmicutes;c__Clostridia;o__uncultured;f__uncultured;g__uncultured,d__Bacteria;p__Bacteroidota;c__Bacteroidia;o__Bacteroidales;f__Prevotellaceae;g__Prevotellaceae_NK3B31_group,d__Bacteria;p__Firmicutes;c__Clostridia;o__Christensenellales;f__Christensenellaceae;g__Christensenella,d__Bacteria;p__Firmicutes;c__Clostridia;o__Lachnospirales;f__Defluviitaleaceae;g__Defluviitaleaceae_UCG-011,d__Bacteria;p__Actinobacteriota;c__Actinobacteria;o__Micrococcales;f__Micrococcaceae;g__Rothia,d__Bacteria;p__Firmicutes;c__Clostridia;o__Lachnospirales;f__Lachnospiraceae;g__[Eubacterium]_fissicatena_group,d__Bacteria;p__Firmicutes;c__Clostridia;o__Oscillospirales;f__Ruminococcaceae;g__Anaerotruncus,d__Bacteria;p__Firmicutes;c__Clostridia;o__Oscillospirales;f__Ruminococcaceae;g__Anaerofilum,d__Bacteria;p__Firmicutes;c__Clostridia;o__Lachnospirales;f__Lachnospiraceae;g__Lachnospiraceae_UCG-008,d__Bacteria;p__Firmicutes;c__Bacilli;o__Lactobacillales;f__Lactobacillaceae;g__Levilactobacillus,d__Bacteria;p__Actinobacteriota;c__Coriobacteriia;o__Coriobacteriales;f__Coriobacteriales_Incertae_Sedis;g__Raoultibacter,d__Bacteria;p__Firmicutes;c__Bacilli;o__RF39;f__RF39;g__RF39,d__Bacteria;p__Verrucomicrobiota;c__Verrucomicrobiae;o__Opitutales;f__Puniceicoccaceae;g__uncultured,d__Bacteria;p__Firmicutes;c__Bacilli;o__Bacillales;f__Bacillaceae;g__Calditerricola,d__Bacteria;p__Firmicutes;c__Clostridia;o__Peptococcales;f__Peptococcaceae;g__uncultured,d__Bacteria;p__Bacteroidota;c__Bacteroidia;o__Bacteroidales;f__Tannerellaceae;__,d__Bacteria;p__Firmicutes;c__Bacilli;o__Bacillales;f__Bacillaceae;g__Geobacillus,d__Bacteria;p__Firmicutes;c__Bacilli;o__Staphylococcales;f__Gemellaceae;g__Gemella,d__Bacteria;p__Firmicutes;c__Clostridia;o__Lachnospirales;f__Lachnospiraceae;g__[Eubacterium]_oxidoreducens_group,d__Bacteria;p__Firmicutes;c__Bacilli;o__Erysipelotrichales;f__Erysipelatoclostridiaceae;g__Erysipelatoclostridiaceae,d__Bacteria;p__Firmicutes;c__Bacilli;o__Lactobacillales;f__Lactobacillaceae;g__Companilactobacillus,d__Bacteria;p__Spirochaetota;c__Brachyspirae;o__Brachyspirales;f__Brachyspiraceae;g__Brachyspira,d__Bacteria;p__Firmicutes;c__Bacilli;o__Erysipelotrichales;f__Erysipelotrichaceae;g__Dielma,d__Bacteria;p__Firmicutes;c__Bacilli;o__Lactobacillales;f__Lactobacillaceae;g__Pediococcus,d__Bacteria;p__Firmicutes;c__Bacilli;o__Lactobacillales;f__Carnobacteriaceae;g__Granulicatella,d__Bacteria;p__Firmicutes;c__Bacilli;o__Izemoplasmatales;f__Izemoplasmatales;g__Izemoplasmatales,d__Bacteria;p__Firmicutes;c__Clostridia;o__Oscillospirales;f__Ruminococcaceae;g__Phocea,d__Bacteria;p__Firmicutes;c__Bacilli;o__Erysipelotrichales;f__Erysipelatoclostridiaceae;__,d__Bacteria;p__Firmicutes;c__Negativicutes;o__Veillonellales-Selenomonadales;f__Selenomonadaceae;g__uncultured,d__Bacteria;p__Firmicutes;c__Clostridia;o__Oscillospirales;f__Ruminococcaceae;g__Candidatus_Soleaferrea,d__Bacteria;p__Fusobacteriota;c__Fusobacteriia;o__Fusobacteriales;f__Leptotrichiaceae;g__Leptotrichia,d__Bacteria;p__Firmicutes;c__Bacilli;o__Lactobacillales;f__Lactobacillaceae;g__Lacticaseibacillus,d__Bacteria;p__Proteobacteria;c__Gammaproteobacteria;o__Enterobacterales;f__Pasteurellaceae;__,d__Bacteria;p__Firmicutes;c__Bacilli;o__Erysipelotrichales;f__Erysipelotrichaceae;g__Holdemania,d__Bacteria;p__Proteobacteria;c__Gammaproteobacteria;o__Enterobacterales;f__JI49D030;g__JI49D030,d__Bacteria;p__Patescibacteria;c__Saccharimonadia;o__Saccharimonadales;f__Saccharimonadaceae;g__Saccharimonadaceae,d__Bacteria;p__Desulfobacterota;c__Desulfovibrionia;o__Desulfovibrionales;f__Desulfovibrionaceae;__,d__Bacteria;p__Firmicutes;c__Clostridia;o__Clostridiales;__;__,d__Bacteria;p__Actinobacteriota;c__Actinobacteria;o__Corynebacteriales;f__Corynebacteriaceae;g__Corynebacterium,d__Bacteria;p__Firmicutes;c__Negativicutes;o__Veillonellales-Selenomonadales;f__Selenomonadaceae;__,d__Bacteria;p__Firmicutes;c__Clostridia;o__Eubacteriales;f__Eubacteriaceae;g__Eubacteriaceae,d__Bacteria;p__Patescibacteria;c__Saccharimonadia;o__Saccharimonadales;f__Saccharimonadales;g__Saccharimonadales,d__Bacteria;p__Bacteroidota;c__Bacteroidia;__;__;__,d__Bacteria;p__Firmicutes;c__Clostridia;o__Oscillospirales;f__UCG-011;g__UCG-011,d__Bacteria;p__Firmicutes;c__Bacilli;o__Lactobacillales;f__P5D1-392;g__P5D1-392,d__Bacteria;p__Proteobacteria;c__Gammaproteobacteria;o__Enterobacterales;f__Enterobacteriaceae;g__Enterobacter,d__Bacteria;p__Proteobacteria;c__Alphaproteobacteria;o__Rhizobiales;f__Rhizobiaceae;g__Mesorhizobium,d__Bacteria;p__Actinobacteriota;c__Actinobacteria;o__Actinomycetales;f__Actinomycetaceae;g__Varibaculum,d__Bacteria;p__Campylobacterota;c__Campylobacteria;o__Campylobacterales;f__Campylobacteraceae;g__Campylobacter,d__Bacteria;p__Actinobacteriota;c__Coriobacteriia;o__Coriobacteriales;f__Atopobiaceae;__,Label
SRR23950986,1356,272,145,0,213,76,0,310,177,344,128,358,212,0,408,132,315,234,1181,44,342,85,0,0,128,187,73,0,0,155,0,2,0,81,0,315,0,0,96,129,0,229,124,295,0,0,56,0,0,0,0,0,0,0,0,0,147,81,0,0,0,0,77,21,0,0,0,0,137,0,0,0,0,0,0,0,0,0,0,32,0,39,2,0,0,0,12,0,0,0,0,0,0,0,0,0,0,0,0,18,0,0,0,0,0,0,117,0,0,113,0,0,0,0,71,0,0,97,0,0,0,0,23,0,0,0,0,0,0,14,0,0,0,0,0,0,0,0,0,28,0,0,72,0,0,0,2,0,0,0,0,0,0,0,0,0,0,0,0,0,27,0,0,0,0,0,0,0,0,0,39,0,0,0,0,0,0,0,0,0,0,12,0,0,28,0,0,0,0,22,0,0,0,0,0,0,0,0,0,0,0,0,0,0,0,0,0,0,0,0,0,0,0,0,0,0,0,0,0,0,0,0,0,0,0,0,0,0,0,0,0,0,0,0,0,0,0,atopy
SRR23950997,706,422,593,104,119,80,0,118,41,0,124,486,222,92,105,130,0,44,1050,0,445,267,138,567,144,77,104,0,0,0,48,0,2,131,144,153,421,127,97,0,98,433,0,86,0,209,196,0,19,0,165,84,109,0,0,147,0,51,135,0,295,0,79,0,0,0,46,219,0,0,0,0,0,59,126,0,0,50,2,0,0,3,48,0,0,0,0,0,0,29,82,0,73,0,0,32,0,81,0,2,0,0,43,40,42,0,32,0,82,0,22,0,0,0,0,48,0,34,0,31,58,0,70,0,25,0,0,90,0,0,0,0,52,0,2,0,0,0,0,0,0,0,0,0,0,0,0,0,0,67,51,0,0,0,37,0,0,0,0,0,0,0,0,0,0,0,3,0,4,25,0,0,0,0,0,0,0,0,0,0,0,0,0,0,0,0,0,0,0,0,0,0,0,0,0,0,0,0,17,0,0,0,0,0,0,5,0,0,0,0,0,0,0,0,0,0,0,0,0,0,0,0,0,0,0,0,0,0,0,0,0,0,0,0,0,0,0,atopy
SRR23951004,475,597,274,104,0,0,0,156,0,35,2,0,187,61,0,34,0,68,143,0,0,7,27,941,109,10,0,0,0,71,0,39,0,0,48,94,59,0,0,86,20,0,0,0,0,27,0,0,0,0,0,0,97,64,0,0,0,0,0,0,0,34,0,0,0,0,0,0,56,78,0,0,0,164,0,0,3,0,2,0,0,0,14,0,0,0,0,0,0,0,63,0,0,0,0,0,0,0,0,0,0,0,0,208,0,0,0,0,0,0,0,0,0,13,107,0,0,0,0,0,100,0,0,0,31,0,0,0,0,0,0,0,0,28,88,0,0,194,0,2,0,0,8,90,0,0,0,0,102,0,98,0,0,0,0,0,0,0,0,0,0,0,0,50,0,47,0,0,0,0,0,0,0,0,0,0,0,0,0,0,0,0,0,0,0,0,0,0,23,0,0,0,0,0,0,0,0,0,0,0,0,2,0,0,0,0,0,0,0,0,0,0,0,0,0,0,0,0,0,0,0,0,0,0,0,0,0,0,0,0,0,0,0,0,0,0,0,atopy
SRR23951005,1047,1971,133,646,123,71,0,227,0,56,15,22,113,138,86,97,0,94,955,51,123,0,0,0,0,9,0,0,0,0,0,2,99,0,0,16,4,112,385,0,0,240,0,0,0,0,61,0,0,0,120,0,77,107,0,0,0,174,137,0,127,110,58,0,100,12,3,73,0,0,76,0,17,84,131,0,96,0,8,0,25,0,0,98,0,0,0,102,0,82,0,0,0,0,0,0,71,102,0,46,0,0,79,0,49,0,20,0,67,30,0,96,0,94,0,0,0,114,0,0,0,0,12,0,0,0,0,0,0,13,89,0,0,0,0,10,0,30,0,0,0,0,5,0,0,0,0,23,0,0,2,0,0,0,0,10,0,14,0,0,10,0,0,0,0,0,0,0,0,0,0,0,7,0,0,3,0,0,0,0,0,0,0,0,0,0,0,0,0,0,4,5,0,0,0,0,0,0,0,0,0,13,0,0,0,17,0,0,0,0,0,0,0,0,0,0,7,0,0,0,0,0,0,0,0,0,0,2,0,0,0,0,0,0,0,0,0,atopy
SRR23951006,596,3121,902,106,158,221,79,201,68,44,0,84,184,0,261,149,154,110,659,158,0,83,93,0,0,0,271,222,98,0,67,0,116,0,0,0,0,78,45,0,0,0,43,94,0,92,0,0,68,0,55,0,0,0,81,0,81,0,0,0,0,0,0,0,0,0,0,0,0,42,0,0,0,0,0,0,0,0,186,0,0,0,0,0,0,0,27,0,0,0,0,0,0,0,0,0,0,0,0,0,0,0,0,0,0,0,0,0,0,0,0,0,0,0,0,0,0,0,0,0,0,0,0,0,0,0,0,0,0,0,0,0,0,0,0,0,0,0,0,0,0,0,0,65,0,0,0,0,0,0,0,0,0,0,0,0,0,0,0,0,0,0,0,0,0,0,0,0,0,0,0,0,0,0,0,0,0,0,0,0,0,0,0,0,0,0,0,0,0,0,0,0,0,0,0,0,0,0,0,0,0,0,0,0,0,0,0,0,0,0,0,0,0,0,0,0,0,0,0,0,0,0,0,0,0,0,0,0,0,0,0,0,0,0,0,0,0,atopy
SRR23951007,1489,512,416,66,592,109,38,163,70,146,0,88,109,111,764,72,107,0,966,140,46,116,157,0,0,48,106,0,24,0,76,127,118,58,0,0,0,75,0,0,14,0,0,2,0,64,22,0,0,0,52,0,0,0,0,0,50,0,16,0,0,40,0,0,0,0,0,0,0,0,0,0,0,0,0,0,0,0,0,0,0,0,0,0,0,0,0,0,0,0,0,0,0,0,33,62,0,0,0,0,0,0,0,0,0,0,0,0,0,0,0,0,0,0,0,0,0,0,0,0,0,0,0,0,0,0,0,0,0,0,0,0,0,0,0,0,0,0,0,0,0,0,0,0,0,0,0,0,0,0,0,0,0,0,0,2,0,0,0,0,0,0,0,0,0,0,0,0,0,0,0,0,0,0,0,0,0,0,0,0,0,0,0,0,0,0,0,0,0,0,0,0,0,0,0,0,0,0,0,0,0,0,0,0,0,0,0,0,0,0,7,0,0,0,6,0,0,0,0,0,4,0,0,0,0,0,0,0,2,0,0,0,0,0,0,0,0,atopy
SRR23951008,1533,993,378,210,230,99,94,0,0,267,133,0,220,0,84,74,10,142,679,0,0,282,135,0,0,0,0,0,0,131,0,37,0,0,0,16,0,0,0,0,0,0,0,18,0,30,0,0,0,31,0,0,0,0,0,0,59,52,0,43,0,0,0,88,0,0,0,0,0,0,0,0,0,0,0,0,0,29,6,0,0,0,0,0,0,0,26,0,0,0,0,0,0,0,0,0,0,0,0,0,0,0,0,0,46,0,0,0,0,10,46,0,0,0,0,0,0,0,0,0,172,0,0,0,0,0,0,0,0,0,0,0,0,0,0,0,0,0,0,0,0,0,0,0,0,0,0,0,0,0,0,0,0,0,0,0,0,0,0,0,0,0,0,0,0,0,0,0,0,0,0,0,0,0,0,0,0,0,5,0,0,0,0,0,0,0,0,0,0,0,0,0,0,0,0,0,0,0,0,0,0,0,0,0,0,0,0,0,0,0,0,0,0,0,0,0,0,0,0,0,0,0,0,0,0,0,0,0,0,0,0,0,0,0,0,0,0,atopy
SRR23951009,1744,864,294,55,326,127,0,29,92,69,0,192,339,80,76,15,170,255,523,176,0,0,0,0,112,30,0,0,0,42,112,2,0,0,0,0,0,0,14,0,0,39,7,15,0,0,0,0,0,0,0,0,0,0,0,0,93,0,0,0,0,0,14,14,0,0,0,35,0,0,0,0,0,0,0,0,0,0,2,0,0,0,0,64,0,0,31,0,0,0,0,0,0,0,0,0,0,0,0,0,0,0,0,0,0,0,0,0,0,0,0,0,0,0,0,0,0,111,0,0,0,0,0,0,0,0,0,0,0,0,0,0,0,0,2,0,0,0,0,0,0,0,3,0,0,0,0,0,0,0,0,0,0,0,0,0,0,0,0,0,0,0,0,0,0,0,0,0,0,0,0,0,0,0,0,0,0,0,32,0,0,0,0,0,0,0,0,0,0,0,0,21,0,0,0,0,0,0,12,0,0,0,0,0,5,0,0,0,0,0,0,0,0,0,0,0,0,0,0,0,0,0,0,0,0,0,0,0,0,0,0,0,0,0,0,0,0,atopy
SRR23951010,1069,223,129,252,0,78,226,0,0,0,2589,0,253,130,589,139,149,218,267,24,0,49,0,0,40,153,113,0,0,74,118,2,0,0,0,274,0,0,0,0,12,0,0,0,0,0,0,0,0,171,0,0,0,0,0,0,41,0,0,0,0,0,0,0,0,0,0,0,0,0,0,0,0,0,0,0,0,0,12,62,0,0,0,0,0,0,0,0,68,0,0,0,0,0,0,0,0,0,0,0,0,0,0,0,0,0,0,0,0,0,0,0,0,0,40,0,0,0,0,0,6,0,0,0,0,0,0,0,0,0,0,0,0,0,0,0,0,0,0,0,0,0,7,0,0,0,0,0,0,0,0,0,0,0,0,0,0,0,0,0,0,0,0,0,0,0,0,0,0,0,0,0,0,0,0,0,0,0,0,0,0,0,0,0,0,0,0,0,0,0,0,0,0,0,0,0,0,0,0,0,0,0,0,0,0,0,0,0,0,0,0,0,0,0,0,0,0,0,0,0,0,0,0,0,0,0,0,0,0,2,0,0,0,0,0,0,0,atopy
SRR23951011,1102,0,902,198,201,366,0,218,102,149,0,115,222,67,374,162,0,109,1344,2,288,83,190,0,0,195,212,0,50,0,119,4,62,125,43,257,0,0,0,118,23,50,0,62,95,0,59,0,0,19,0,0,0,0,0,0,0,0,27,74,50,0,48,0,0,0,68,0,87,0,0,0,36,0,0,0,0,0,0,0,0,0,14,0,0,0,0,0,0,0,0,0,30,0,0,65,0,6,0,0,0,0,0,0,0,0,0,0,0,45,0,0,0,0,50,0,0,166,0,0,0,0,26,0,52,0,9,0,0,47,0,0,0,0,0,0,0,0,0,0,0,0,0,72,74,0,0,0,0,0,0,0,0,8,47,40,0,0,0,0,0,0,0,0,0,0,0,0,0,0,0,0,3,0,0,0,0,0,0,0,0,0,0,0,0,0,0,0,0,0,0,0,0,8,0,0,0,0,0,0,0,2,0,0,0,5,0,0,0,0,0,0,0,0,0,0,0,0,0,0,0,0,0,0,0,0,0,0,0,0,0,0,0,0,0,0,0,atopy
SRR23951013,706,1207,311,126,98,58,110,123,0,0,0,212,162,100,815,166,0,0,351,55,166,148,0,0,0,121,137,57,0,0,173,0,65,50,0,0,0,0,164,29,0,67,0,15,0,64,77,29,0,0,0,0,0,104,0,0,0,0,0,44,19,14,34,0,0,0,0,0,0,0,0,0,0,0,0,0,0,0,0,0,23,0,8,0,0,0,0,0,0,146,0,0,0,0,0,31,0,0,0,0,0,0,0,0,0,0,0,0,0,0,0,0,0,0,0,0,0,23,0,0,0,0,0,0,0,0,0,0,0,0,0,0,17,0,0,0,0,0,0,0,0,0,0,0,0,0,0,0,0,0,0,0,0,0,0,0,0,0,0,0,0,0,0,0,0,0,0,0,17,0,0,0,0,0,0,0,0,0,0,0,0,0,0,0,0,0,0,0,0,0,0,0,0,0,0,0,0,0,0,0,0,0,0,0,0,0,0,0,0,0,0,0,0,0,0,0,0,0,0,0,0,0,0,0,0,0,0,0,0,0,0,0,0,0,0,0,0,atopy
SRR23951014,1674,1018,448,264,215,114,0,220,48,79,114,218,210,124,45,85,162,75,713,143,97,40,0,0,0,135,106,0,0,111,0,2,16,57,0,64,0,42,146,0,6,175,0,189,0,0,77,0,0,0,0,0,0,0,0,0,79,22,17,0,0,0,80,0,37,19,0,0,0,0,103,0,0,0,49,0,0,0,0,0,0,34,0,0,0,0,2,61,0,0,0,0,0,0,0,0,0,38,0,0,0,0,68,0,0,0,0,0,18,0,38,0,0,0,0,0,0,32,0,0,2,0,0,0,0,0,0,7,0,0,0,0,0,0,4,0,0,0,0,0,13,0,0,0,0,0,0,0,0,0,0,0,0,0,17,14,0,0,0,0,0,0,0,0,0,0,0,0,0,0,0,0,0,0,0,0,0,0,11,0,0,0,0,0,0,0,0,25,0,0,0,0,0,0,0,0,0,0,0,0,0,0,0,0,0,3,0,0,0,0,0,0,0,0,0,0,0,0,0,3,0,0,0,0,0,0,0,0,0,0,2,0,0,0,0,0,0,atopy
SRR23951015,1159,297,218,85,89,45,20,0,40,258,134,174,318,108,978,154,25,172,1718,152,68,103,125,0,0,17,116,0,52,0,0,101,117,0,48,12,0,91,0,0,98,32,70,0,0,50,0,0,179,0,116,0,0,0,323,0,50,0,0,0,0,0,0,0,0,72,0,0,0,0,0,0,0,0,0,0,0,39,0,0,0,0,2,0,8,0,0,0,0,0,0,0,0,0,88,135,0,0,0,0,0,0,0,0,0,0,0,0,0,39,0,0,0,0,0,0,0,0,0,0,29,0,0,0,0,0,0,0,0,0,0,0,11,0,57,0,0,0,0,0,0,0,6,0,0,0,0,0,0,0,0,0,0,0,0,0,0,0,0,0,0,0,0,0,0,0,0,0,0,0,0,0,0,0,0,0,0,0,0,0,0,0,0,0,0,0,0,0,0,0,0,0,0,0,0,0,0,0,0,0,0,0,0,0,0,0,0,0,0,0,0,0,0,0,0,0,0,0,0,0,0,0,0,0,0,0,0,0,0,0,0,0,0,0,0,0,0,atopy
SRR23951016,1528,4651,630,87,81,87,0,512,0,0,0,0,130,88,507,0,153,95,371,76,213,0,22,0,0,109,142,0,68,0,0,0,45,28,0,21,0,0,0,80,0,142,34,16,0,0,0,0,0,0,0,0,0,0,0,0,21,0,0,0,0,0,30,0,0,17,0,0,0,0,0,0,0,66,167,0,0,0,39,0,0,18,16,0,0,0,18,0,0,148,0,0,0,0,0,0,0,0,0,2,0,0,0,0,0,0,0,0,0,0,0,0,0,0,0,0,0,7,0,0,0,0,0,0,0,0,0,0,0,0,0,5,0,2,0,0,0,0,0,0,10,0,0,0,19,0,0,35,0,0,0,0,0,0,0,0,0,0,0,0,0,0,0,0,0,0,0,0,0,0,0,0,0,0,0,0,0,0,0,0,0,0,0,0,0,0,0,0,0,0,0,0,0,0,0,0,0,0,13,0,0,0,0,0,0,0,0,0,0,0,0,0,0,0,0,0,0,0,0,5,0,0,0,0,0,0,0,0,0,0,0,0,0,0,0,0,0,atopy
SRR23951017,2086,2101,543,178,313,139,0,176,0,181,66,179,268,55,387,150,316,204,982,131,0,143,89,0,0,75,85,106,139,38,0,0,0,94,0,0,0,91,113,11,0,59,140,59,233,0,0,14,0,9,0,0,0,0,0,0,0,0,0,67,0,0,66,7,0,0,0,0,0,0,0,0,30,0,0,0,0,0,0,0,0,0,0,0,0,0,0,0,25,0,0,0,0,0,0,0,0,0,0,0,0,0,0,0,0,0,0,0,0,0,0,0,0,0,0,0,0,5,0,0,0,0,0,0,0,0,0,0,0,0,0,0,0,0,2,0,0,0,0,0,0,0,38,0,0,0,0,21,0,0,0,0,0,0,0,8,0,0,0,0,0,0,0,0,0,0,0,0,0,0,0,0,0,0,0,0,0,0,0,0,0,0,0,0,0,0,0,0,0,0,0,0,0,0,0,0,0,0,0,0,0,0,0,0,0,0,0,0,0,0,0,0,0,0,0,0,0,0,0,0,0,0,0,0,0,0,0,0,0,0,0,0,0,0,0,0,0,atopy
SRR23951018,252,2665,258,118,54,0,0,0,0,0,0,78,100,0,3,147,366,186,61,0,0,57,0,1095,0,0,17,0,0,0,0,0,0,0,0,0,0,0,0,62,0,0,0,0,0,15,0,0,0,0,0,0,0,226,0,0,0,0,0,0,0,0,0,169,0,0,0,0,180,179,0,0,0,0,0,0,0,0,87,0,0,0,0,0,0,0,0,0,0,36,10,0,0,0,0,13,0,0,0,0,38,390,0,67,14,158,0,78,0,0,0,0,0,0,0,0,36,0,0,0,76,0,0,96,94,0,0,0,0,0,45,86,0,0,6,84,38,39,0,0,0,0,0,0,0,0,0,0,0,0,59,0,0,86,0,0,0,0,0,0,0,0,52,0,0,21,0,0,0,0,0,0,11,0,0,0,0,0,0,66,0,0,0,0,0,0,0,0,0,0,0,0,0,0,0,0,0,0,0,0,16,0,0,0,0,0,0,0,0,0,0,0,0,0,0,0,0,7,0,0,0,12,0,0,0,0,0,0,0,0,0,0,0,0,0,0,0,atopy
SRR23951019,2042,2128,172,589,174,63,55,51,0,0,0,132,306,0,338,161,26,21,534,77,136,29,0,0,20,17,130,0,184,0,0,0,49,95,21,0,0,0,0,0,0,0,0,55,0,0,0,0,0,52,73,0,0,0,0,0,26,0,0,0,0,0,21,0,0,0,0,0,0,0,0,0,42,37,0,0,0,0,15,4,41,0,0,0,0,0,0,0,0,0,0,0,0,0,0,3,0,0,0,0,0,0,0,0,0,0,0,0,0,0,0,0,0,0,0,0,82,4,0,0,0,0,0,0,70,0,0,0,0,0,0,0,0,0,0,0,0,0,0,0,0,0,0,0,0,0,0,0,0,0,0,0,0,0,0,0,0,0,0,0,0,4,0,0,0,0,0,0,0,0,0,0,0,0,0,0,7,0,0,0,0,0,0,0,0,0,0,0,0,0,0,0,0,0,0,0,0,0,0,0,0,0,0,0,0,0,0,0,0,0,6,0,0,0,0,0,0,0,0,0,0,0,0,0,3,0,0,0,0,0,0,2,0,0,0,0,0,atopy
SRR23951020,13772,691,0,0,589,0,1060,0,0,0,236,0,0,211,356,0,242,146,840,0,236,258,0,0,135,8,98,0,47,121,0,2,111,111,84,81,95,0,0,0,82,0,0,277,0,0,0,78,0,193,0,0,0,0,47,0,63,0,0,0,0,0,237,0,0,0,0,0,11,10,154,0,100,0,0,246,0,0,0,174,15,0,35,0,0,150,0,0,149,0,0,144,75,0,0,0,0,0,0,0,0,0,0,0,23,66,0,0,0,166,0,0,0,0,0,0,0,2,0,0,0,0,0,0,0,0,42,0,0,0,0,0,0,0,0,0,84,0,0,25,6,0,0,0,0,0,0,0,0,0,0,0,0,0,43,0,0,59,0,0,0,0,0,0,48,0,9,0,0,0,0,0,0,0,35,0,0,0,0,0,0,0,0,0,0,0,0,0,0,0,22,0,0,0,0,18,0,0,0,0,0,0,0,0,0,0,0,0,0,10,0,0,0,0,0,0,0,0,0,0,0,0,0,0,0,0,0,0,0,0,0,0,0,0,0,0,0,atopy
SRR23951021,2159,484,213,434,224,185,205,0,0,0,330,67,145,83,450,123,92,164,378,115,4,204,0,0,188,66,58,171,0,98,203,0,12,0,0,435,2,0,0,97,0,51,0,47,39,0,0,48,0,136,0,0,0,0,0,0,88,12,0,0,0,0,187,0,0,0,0,0,44,0,0,0,63,0,0,0,0,0,2,50,0,0,0,0,0,0,0,0,0,0,0,0,13,0,0,13,0,23,0,0,0,0,0,0,0,0,0,0,0,17,0,0,0,0,67,0,0,2,0,0,0,100,0,0,0,0,91,0,0,74,0,0,0,0,0,0,0,0,0,82,0,80,8,0,0,0,0,8,0,0,0,0,0,0,26,0,0,0,59,59,0,0,0,0,0,0,0,46,0,0,27,46,0,0,0,0,33,0,0,0,31,30,29,0,0,0,0,0,0,0,0,0,0,0,0,0,0,0,0,0,0,0,0,0,0,0,11,4,0,0,0,0,0,0,0,0,0,0,7,0,0,0,0,0,0,0,0,0,0,0,0,0,0,0,0,0,0,atopy
SRR23951022,1231,1443,172,0,113,125,0,0,0,0,45,141,103,0,628,112,0,129,845,0,21,107,40,0,0,283,126,0,39,28,0,0,183,0,0,0,0,0,47,0,0,0,111,14,0,0,0,76,0,12,0,0,0,0,0,0,106,0,0,0,0,0,36,0,0,0,0,0,0,12,0,0,47,0,0,0,0,0,0,0,0,98,56,0,0,0,0,0,10,0,0,0,27,0,0,79,0,0,0,0,0,0,0,0,0,0,0,0,0,0,0,0,0,0,0,0,0,0,0,0,0,0,0,0,0,0,0,0,0,0,0,0,0,0,0,0,0,0,0,0,52,0,0,0,0,0,0,0,0,0,0,0,0,0,0,35,0,0,0,0,0,0,0,0,0,0,0,0,45,0,0,9,0,0,0,0,0,0,0,0,0,0,0,0,0,0,0,0,0,0,0,0,20,0,0,0,0,0,0,0,0,0,0,0,0,0,0,0,0,0,0,0,0,0,0,0,0,0,0,0,0,0,0,0,0,0,0,0,0,0,0,0,0,0,0,0,0,atopy
SRR23951023,887,5076,352,287,316,246,176,204,224,371,0,108,208,70,160,196,0,77,660,0,90,167,99,0,0,0,0,0,0,3,0,0,58,0,82,175,0,53,0,0,0,0,125,0,0,0,0,0,32,0,28,0,0,0,0,0,0,0,0,0,0,0,0,0,0,72,0,0,0,0,0,0,0,0,0,0,0,0,178,0,0,0,0,0,0,0,2,0,0,95,58,0,0,0,0,0,0,0,0,0,0,0,0,0,0,0,0,0,0,0,0,0,0,22,90,0,0,3,0,0,4,0,0,0,0,0,0,0,0,0,0,0,0,0,0,0,0,0,0,0,0,0,0,0,0,0,0,0,0,0,0,0,0,0,0,0,0,0,0,0,0,0,0,0,0,0,0,0,0,0,0,0,0,0,0,0,0,0,0,0,0,0,0,0,0,0,0,0,0,0,0,0,0,0,0,0,0,0,0,0,0,0,0,0,0,0,0,0,0,0,0,0,0,0,0,0,0,0,0,0,0,0,0,0,0,0,0,0,0,0,0,0,0,0,0,0,0,atopy
SRR23951024,1176,5732,31,559,445,66,81,0,118,0,19,0,363,42,62,0,156,38,100,0,0,18,0,0,0,19,18,0,0,2,0,0,0,0,0,0,0,0,0,0,9,92,0,14,0,0,0,0,0,3,0,0,0,0,0,0,30,0,0,0,0,0,3,0,0,0,0,0,2,0,0,0,0,0,0,0,0,0,2,0,92,0,0,0,0,0,0,0,0,0,0,0,0,0,0,0,0,0,0,0,0,0,0,2,0,0,79,0,0,0,0,0,0,0,0,0,0,0,0,2,66,0,0,0,0,0,0,0,0,0,0,0,0,0,0,0,0,0,18,0,0,0,0,0,0,0,0,0,0,0,0,0,0,0,0,15,0,0,0,0,0,0,0,0,0,0,0,0,0,0,0,0,0,0,0,0,0,3,0,0,0,0,0,0,0,0,0,0,0,0,0,0,0,0,0,0,0,0,0,0,0,0,0,0,12,0,0,11,0,0,9,0,0,0,0,0,0,0,0,7,0,0,0,0,0,0,0,0,0,0,0,0,2,2,0,0,0,atopy
SRR23951025,910,809,616,93,61,98,0,62,66,93,0,288,128,41,241,163,5,185,846,122,19,135,196,1813,0,0,226,136,60,74,0,62,0,0,0,130,0,36,54,56,0,224,0,58,0,54,56,0,82,0,0,109,0,0,0,0,0,0,0,0,0,70,0,103,0,6,0,0,0,53,0,0,0,0,0,0,0,0,0,0,2,0,0,0,0,0,90,0,0,95,0,0,0,0,0,0,0,0,0,0,0,0,0,132,70,0,0,0,0,0,0,0,0,0,0,0,0,0,0,0,0,0,0,0,34,0,0,0,0,0,0,0,0,0,32,0,0,0,0,0,0,0,0,0,0,0,0,0,0,0,0,0,0,0,0,0,0,0,0,0,0,0,0,0,0,0,0,0,0,0,0,0,14,0,0,0,0,0,0,0,0,0,0,0,0,0,0,0,0,0,0,0,0,0,0,0,0,0,0,0,0,0,0,0,0,2,0,0,0,0,0,0,0,0,0,0,0,0,0,0,0,0,0,0,0,3,0,0,0,0,0,0,0,0,0,0,0,atopy
SRR23951026,739,2282,92,0,108,150,0,103,44,87,55,116,64,0,933,68,45,140,799,46,58,0,0,0,0,344,144,0,0,0,131,16,97,122,19,0,116,0,235,0,0,0,0,145,0,58,127,21,0,10,59,0,0,0,0,0,20,0,0,82,131,0,84,6,0,0,0,0,0,25,0,0,18,0,0,0,0,0,7,0,141,55,0,0,0,0,0,46,0,0,0,0,20,0,0,60,0,0,0,0,0,0,0,0,0,0,0,0,0,0,0,0,0,0,0,0,0,51,0,0,0,0,30,0,0,3,0,0,0,0,0,0,0,0,5,0,0,0,0,0,24,5,0,15,0,0,0,0,0,0,0,0,0,0,23,0,0,0,0,0,42,0,0,0,0,0,0,7,0,0,0,0,19,0,0,3,10,0,0,0,0,0,0,0,0,0,0,0,0,6,0,0,0,0,0,0,0,0,0,0,0,0,0,0,5,0,0,0,0,0,0,0,0,0,0,0,0,0,0,0,0,0,0,0,0,0,0,0,0,0,2,0,0,0,0,0,0,atopy
SRR23951027,513,1453,234,61,81,55,0,0,0,0,117,68,222,95,1190,0,47,36,1070,0,0,4,33,0,96,363,122,0,0,0,0,0,79,106,0,0,0,0,0,67,11,114,54,272,0,35,47,79,243,9,0,0,0,0,0,0,108,0,0,0,0,26,82,0,0,0,0,0,0,61,0,0,97,66,0,136,0,0,16,0,0,47,0,0,0,0,0,0,0,0,2,0,56,0,0,0,0,0,0,2,0,0,0,0,0,0,0,0,0,37,0,0,0,0,0,0,0,144,0,0,0,0,0,0,0,0,0,0,0,15,0,0,87,2,2,0,0,0,0,22,26,0,0,0,0,0,0,0,0,0,0,67,0,0,0,0,0,0,0,0,0,5,0,0,0,0,0,0,15,4,0,27,2,0,0,0,18,0,0,0,0,6,0,0,0,0,0,0,0,20,0,0,0,11,0,0,0,0,0,0,0,0,0,0,0,0,0,0,0,0,0,0,0,0,0,0,0,0,0,0,0,0,0,0,0,0,0,0,0,0,0,0,0,0,2,0,0,atopy
SRR23951028,1435,1169,587,98,181,188,0,215,0,148,17,171,54,80,443,225,65,179,994,127,0,129,108,0,0,168,91,84,0,76,0,0,127,0,0,16,0,0,0,0,0,0,51,23,0,0,0,0,0,0,77,0,0,0,17,0,0,0,0,88,0,0,0,188,0,0,0,0,0,0,0,0,0,0,0,0,0,0,6,0,0,2,0,0,0,0,192,0,0,0,0,0,0,0,0,0,0,0,0,0,0,0,0,0,0,0,0,0,0,0,0,0,0,0,0,7,0,0,0,0,0,0,0,0,0,0,0,0,0,15,0,0,0,0,0,0,0,0,0,0,0,0,0,0,0,0,0,0,0,0,0,0,0,0,0,0,0,0,0,0,8,0,0,0,0,0,0,0,0,0,0,0,0,0,0,0,5,0,0,0,0,0,0,0,0,0,0,0,0,0,0,0,0,0,0,0,0,0,0,0,0,0,0,0,2,0,0,0,0,0,0,9,0,0,8,0,0,0,0,0,0,0,0,2,0,0,0,0,0,0,0,0,0,0,0,0,0,atopy
SRR23951029,491,3540,62,364,525,0,38,101,0,0,0,0,270,117,501,50,101,165,732,166,98,31,0,0,65,243,0,0,123,0,0,0,215,104,0,28,0,0,84,0,0,62,0,105,0,0,68,27,0,83,0,0,0,0,42,0,35,73,15,120,70,48,46,0,5,0,0,0,0,0,36,0,82,0,0,199,0,0,0,0,0,47,0,0,0,0,0,0,25,0,0,0,35,0,0,0,0,0,107,0,0,0,56,0,0,0,0,0,0,3,30,0,0,0,0,0,0,104,101,0,15,0,0,0,0,0,0,0,0,33,0,0,0,0,2,0,0,0,0,23,0,0,0,59,0,0,0,0,0,0,0,0,0,0,32,0,0,0,0,0,0,0,0,0,0,0,0,0,0,0,0,0,0,0,0,0,26,0,0,0,0,31,0,0,0,0,0,0,0,0,9,0,0,20,0,0,18,0,0,0,0,11,0,0,0,0,0,0,0,0,0,0,0,0,0,0,0,0,0,0,0,0,0,0,0,0,0,0,0,0,0,0,0,0,0,0,0,atopy
SRR23951030,835,2935,161,155,109,61,0,182,0,104,0,333,124,277,297,231,0,168,540,72,0,0,0,2,0,49,104,0,45,17,0,0,30,0,0,150,13,0,136,0,14,139,0,46,0,0,181,0,0,0,0,0,84,128,0,0,0,0,69,129,38,0,210,0,0,0,0,84,39,0,0,0,0,117,0,0,163,0,3,0,0,47,81,0,0,0,0,0,0,0,0,0,0,0,0,0,67,68,128,45,0,0,0,24,0,0,0,0,114,0,21,0,19,0,0,0,0,104,0,0,0,0,0,0,0,0,0,0,0,0,87,0,0,0,78,0,0,0,0,0,29,18,80,7,0,0,0,46,0,0,0,0,0,0,0,16,0,0,0,0,0,0,0,0,0,0,0,0,0,0,0,0,0,0,0,0,0,0,0,0,0,0,0,0,0,0,0,0,0,0,0,0,0,0,0,0,0,0,0,0,0,0,0,0,0,8,0,0,11,0,0,0,0,0,0,0,0,0,0,0,0,0,0,0,0,0,0,0,0,0,0,0,0,0,0,0,0,atopy
SRR23951031,565,0,456,0,73,83,0,247,100,345,0,60,241,0,1543,194,0,250,992,116,0,0,212,484,0,168,140,99,0,0,0,0,14,0,96,0,0,0,0,0,30,0,75,0,0,0,94,0,0,0,170,0,0,0,0,142,14,18,0,0,0,32,0,0,0,43,0,0,0,49,0,0,0,0,0,0,0,0,0,0,0,49,0,0,0,0,0,0,0,0,0,0,0,0,25,35,0,0,0,0,0,0,0,0,0,0,0,0,0,0,0,0,0,0,0,0,0,0,0,0,0,0,0,0,0,0,0,0,0,0,0,0,33,3,0,0,0,0,0,0,0,0,0,0,0,0,0,0,0,0,0,0,0,0,0,0,0,0,0,0,0,0,0,0,0,0,0,0,0,0,0,0,2,0,0,0,0,0,0,0,0,0,0,0,0,0,0,0,0,0,0,0,0,0,0,0,0,0,0,0,0,0,15,0,0,0,0,0,0,0,0,0,0,0,0,0,0,0,0,0,0,0,0,0,0,0,3,0,0,0,0,0,0,0,0,0,0,atopy
SRR23951032,686,453,376,91,264,54,0,426,82,407,0,0,87,113,317,268,92,187,749,86,0,4,46,184,0,55,141,88,86,0,76,2,133,0,68,163,0,0,0,0,0,0,93,35,0,33,0,0,0,0,121,0,0,0,0,18,0,0,0,0,0,0,26,0,0,0,0,0,0,22,0,0,0,0,0,0,0,0,0,8,83,0,0,0,0,0,0,0,0,0,0,0,19,0,0,0,0,0,0,4,11,0,0,0,0,0,0,0,0,10,80,0,0,0,0,0,0,4,0,0,0,0,0,0,0,94,0,0,0,0,0,0,0,0,81,0,0,0,7,0,0,0,0,0,0,0,70,0,0,0,0,0,0,0,0,47,0,0,0,0,0,0,0,0,0,0,0,0,0,0,0,0,0,0,0,0,0,0,0,0,0,0,0,0,0,0,0,0,0,0,0,0,0,0,0,4,0,0,0,0,0,0,0,0,2,0,0,0,0,0,0,0,0,0,0,0,0,0,0,0,0,0,0,0,0,0,0,0,0,0,0,0,0,0,0,0,0,atopy
SRR23951033,2541,814,497,0,57,398,37,146,0,0,0,0,353,193,80,52,0,0,364,104,0,0,0,0,0,0,0,0,0,0,0,0,55,0,0,107,0,0,0,0,0,0,0,60,0,0,0,0,0,127,0,0,0,0,0,0,161,0,0,0,0,0,0,0,0,0,0,0,0,0,0,0,0,0,0,0,0,0,2,96,64,0,0,0,0,0,0,0,0,0,0,0,0,32,0,0,0,0,0,0,0,0,0,0,0,0,0,0,0,0,0,0,0,0,0,0,0,0,0,0,53,0,0,0,0,20,0,0,0,0,0,0,0,0,0,19,0,0,0,0,0,0,0,0,0,0,0,0,0,0,0,0,0,0,0,0,0,0,0,0,0,0,0,0,0,0,0,0,0,0,0,0,42,0,0,0,0,0,16,0,0,14,0,0,0,0,0,0,0,0,0,0,0,0,0,0,0,0,0,0,0,0,0,14,0,0,0,0,0,0,0,0,0,0,0,0,0,0,0,0,6,0,0,0,0,0,0,0,0,0,0,0,0,0,0,0,0,atopy
SRR23951034,580,267,328,60,104,59,0,0,102,77,0,247,96,0,1943,75,0,178,640,11,0,221,5,339,0,276,112,104,0,0,168,143,0,0,71,6,0,0,0,52,61,0,0,17,0,165,43,0,54,0,0,0,138,0,0,0,0,0,0,0,0,0,0,0,0,22,0,0,0,119,0,0,13,0,0,0,0,0,0,0,19,99,48,0,0,0,0,0,0,0,0,0,17,0,0,6,0,0,0,0,0,107,0,0,0,0,0,0,0,0,41,0,0,0,0,0,0,0,0,0,130,0,0,3,31,0,0,0,0,10,9,0,55,98,0,0,0,0,0,0,26,0,0,0,0,0,0,0,54,0,0,0,0,101,0,0,0,0,0,0,0,0,0,0,0,0,0,0,0,0,0,0,38,0,0,0,0,0,0,3,0,0,0,0,0,0,0,0,0,0,0,0,0,0,0,0,0,0,0,0,0,0,0,0,0,8,0,0,0,0,0,0,0,0,0,8,0,0,0,0,0,0,0,0,0,0,0,0,0,0,0,0,0,0,0,2,0,atopy
SRR23951042,945,346,264,68,339,56,150,80,251,0,0,0,197,104,3325,114,91,0,737,149,101,159,199,0,0,117,72,0,0,0,164,111,3,0,0,12,0,0,0,0,0,0,77,0,0,88,0,0,0,13,0,0,0,0,192,0,24,0,0,0,0,0,0,71,0,42,0,0,0,0,0,0,0,0,0,0,0,0,0,0,163,0,0,37,0,0,0,0,0,0,0,0,7,0,0,0,0,0,0,0,0,0,0,0,0,0,0,0,0,0,17,0,0,68,0,0,0,0,0,0,0,0,0,0,0,0,0,0,0,0,0,0,0,0,4,0,0,0,0,0,0,0,0,0,0,0,0,0,0,0,0,0,0,0,0,0,0,0,0,0,0,0,0,0,0,0,0,0,0,0,0,0,0,0,0,0,0,0,0,0,0,0,0,0,0,0,0,0,0,0,0,0,0,0,0,0,0,0,0,0,0,0,0,0,0,0,0,0,0,0,0,0,0,0,0,0,0,0,0,0,0,0,0,0,0,0,0,0,0,0,0,0,0,0,0,0,0,atopy
SRR23951053,3000,1326,672,0,575,398,0,757,601,219,0,359,527,0,645,305,322,287,1318,33,0,99,164,0,0,119,16,126,204,0,222,221,8,178,330,0,0,331,0,0,96,0,57,193,0,0,0,116,0,0,54,0,0,0,0,0,99,0,0,0,0,0,0,0,0,129,0,0,0,0,0,0,0,0,0,0,0,0,0,0,37,0,11,0,0,0,0,0,0,0,0,0,0,0,0,0,0,0,0,0,0,0,0,0,0,0,0,0,0,0,59,0,0,0,0,107,0,0,0,0,0,0,0,0,0,41,0,0,0,0,0,0,0,0,0,0,0,0,0,60,0,0,0,0,0,0,0,0,0,0,0,61,0,0,0,0,0,0,0,0,0,0,0,0,0,0,45,0,9,0,0,0,4,0,0,0,0,0,0,0,0,0,0,0,0,8,0,0,0,0,0,0,0,0,0,0,0,0,0,0,0,0,0,0,0,0,0,0,0,0,0,0,0,0,0,0,0,0,0,0,0,0,0,0,0,0,0,0,0,0,0,0,0,0,0,0,0,atopy
SRR23951059,1731,6063,357,529,51,34,0,283,87,0,80,84,285,131,361,423,335,75,622,0,0,0,0,4,0,227,21,0,0,0,102,0,40,0,0,2,70,85,439,0,0,243,0,227,0,0,6,0,0,0,0,0,0,0,0,0,0,0,120,0,69,92,228,0,13,0,0,0,0,0,0,0,20,0,204,0,0,71,0,0,0,0,20,0,0,0,0,89,0,91,0,0,63,0,0,0,0,17,0,67,71,0,0,0,120,0,0,0,0,33,0,0,42,0,0,0,0,42,0,0,0,0,46,0,0,0,36,0,0,0,66,0,0,0,7,0,0,0,0,0,12,25,0,15,0,0,0,0,0,0,2,0,0,6,0,0,0,0,0,0,0,0,0,0,0,26,0,0,0,0,0,0,0,0,0,0,0,0,0,0,0,0,0,29,0,0,0,0,0,0,7,0,0,0,0,0,0,0,0,0,0,16,0,0,0,0,0,0,0,0,0,0,0,0,0,0,0,0,0,0,0,0,0,0,0,0,0,0,0,0,0,0,0,0,0,0,2,atopy
SRR23951060,1194,4158,122,0,145,77,309,50,0,0,444,120,0,0,688,0,0,0,609,0,0,228,95,0,58,0,0,0,0,0,0,240,0,0,220,356,0,0,0,0,0,0,156,33,0,0,0,0,0,47,0,0,0,0,0,0,0,0,0,0,0,0,0,83,0,0,0,0,0,0,0,0,0,0,0,0,0,0,0,0,0,0,0,0,0,0,0,0,66,0,0,0,0,0,0,0,0,0,0,0,0,0,0,42,0,0,0,0,0,0,0,0,0,0,0,0,0,0,0,0,2,0,0,0,0,0,0,0,0,0,0,0,0,0,91,0,0,0,0,0,0,0,0,0,0,0,0,0,0,0,0,0,0,0,0,0,0,0,0,0,0,0,0,0,0,0,0,0,0,0,0,0,0,0,0,0,0,33,0,0,0,0,0,0,0,0,0,0,0,0,0,0,0,0,0,0,0,0,0,0,0,0,0,0,0,0,0,0,0,0,0,0,0,0,0,0,0,0,0,0,0,0,0,0,0,0,0,0,0,0,0,0,0,0,0,0,0,atopy
SRR23951061,859,801,1631,186,533,130,0,309,2,242,0,190,218,97,16,75,129,0,1095,170,420,0,183,0,0,86,127,0,0,13,0,0,6,101,0,54,0,113,126,19,0,63,0,24,0,0,0,0,0,0,0,0,0,0,0,57,0,0,22,59,0,24,0,0,0,0,0,0,24,28,0,0,0,0,26,0,0,0,4,0,0,0,23,0,0,0,33,0,0,0,0,0,4,0,0,0,0,0,0,3,0,0,0,0,0,92,0,0,0,0,0,0,0,0,0,0,0,0,0,0,0,0,0,0,61,0,0,0,0,25,0,0,0,0,0,0,0,0,0,0,0,0,0,0,0,8,0,0,0,0,0,0,0,0,66,0,0,0,0,0,0,11,0,0,0,0,3,0,0,0,0,0,0,0,0,0,0,0,0,0,0,0,0,0,0,0,0,0,0,0,0,0,0,0,0,0,0,0,0,0,0,0,0,0,0,0,0,0,0,0,0,0,0,0,0,0,0,0,0,0,0,0,0,0,0,0,0,0,0,0,0,0,0,0,0,0,0,atopy
SRR23951062,2309,366,259,0,133,0,228,0,165,0,88,0,195,0,2862,150,0,149,1404,170,56,0,36,0,0,164,261,0,0,0,168,0,97,0,262,0,0,49,0,0,136,131,2,104,0,0,0,80,97,8,0,0,0,0,78,133,99,0,44,99,0,171,0,0,0,0,0,0,0,41,0,0,51,0,0,0,0,0,0,30,0,95,54,2,0,0,0,0,0,0,147,0,143,0,0,0,0,0,0,0,133,91,0,0,0,0,0,0,0,40,0,0,0,0,0,0,137,42,0,0,0,0,0,0,0,0,0,0,0,71,0,0,0,5,0,0,0,0,0,0,0,0,0,0,0,0,0,0,0,0,0,0,0,0,0,0,0,0,0,0,0,18,0,0,0,0,0,0,0,0,0,0,0,0,0,0,24,0,0,0,0,0,0,0,0,0,0,0,0,0,0,0,0,0,0,0,0,0,0,0,0,3,0,0,5,0,0,0,0,0,0,0,0,0,0,0,0,0,0,0,0,0,0,2,0,0,0,0,0,2,0,0,0,0,0,0,0,atopy
SRR23951063,3553,2680,0,1091,361,0,249,0,0,0,9,528,0,0,632,54,0,126,1068,0,0,63,0,0,0,0,175,0,0,0,0,0,0,0,160,0,0,0,0,120,17,0,0,33,0,0,0,104,0,118,0,0,0,0,0,0,191,0,0,0,0,0,0,0,0,0,0,0,0,0,0,0,30,0,0,0,0,34,0,48,0,0,0,0,0,0,0,0,0,0,0,0,0,43,0,0,0,0,0,0,0,0,0,0,44,0,0,181,0,0,13,0,0,0,0,0,0,0,0,0,139,0,0,0,0,0,0,0,0,0,0,0,0,0,0,0,0,0,0,0,0,0,0,0,0,26,0,0,0,0,0,0,0,0,0,0,0,0,0,0,0,0,0,0,0,0,0,0,0,0,0,0,0,0,0,0,0,27,0,0,0,0,0,0,0,0,0,0,0,0,0,0,0,0,0,0,0,0,0,0,0,0,0,0,0,4,0,0,0,0,0,0,0,0,0,0,0,0,0,0,0,0,4,0,0,0,0,0,0,0,0,0,0,0,0,0,0,atopy
SRR23951064,986,136,783,0,265,0,520,582,0,0,334,265,0,74,290,127,135,82,788,0,154,147,0,0,0,0,9,0,0,0,0,122,0,0,342,0,0,0,0,0,0,0,0,60,0,133,0,0,0,69,0,0,0,0,0,0,95,0,0,0,0,0,0,0,0,0,0,0,0,0,0,0,0,0,0,0,0,0,2,114,37,0,10,0,0,0,0,0,51,0,0,0,0,0,16,0,0,0,0,0,0,0,0,0,0,0,0,0,0,0,0,0,0,0,0,0,0,0,0,0,0,0,0,0,0,0,39,0,0,0,0,0,0,0,0,0,0,0,19,0,0,0,0,0,0,0,0,0,0,0,0,0,0,0,0,0,0,0,0,0,0,0,0,0,0,0,39,0,0,0,0,0,0,0,0,0,0,0,3,0,0,0,0,0,0,0,0,0,0,0,0,0,0,0,0,0,0,0,0,0,0,0,0,0,0,0,0,0,0,0,0,0,0,0,0,0,0,0,0,0,0,0,0,0,0,0,0,0,0,0,0,0,0,0,0,0,0,atopy
SRR23951065,2248,1870,537,118,113,56,114,0,122,168,0,112,2,132,444,198,858,0,866,0,46,326,112,0,0,0,146,106,0,0,0,59,0,104,0,0,0,0,0,0,17,0,107,17,0,0,0,0,0,0,28,0,0,0,0,159,0,0,0,0,0,0,27,114,0,61,0,0,0,0,0,0,0,0,0,0,0,0,0,0,9,0,0,0,0,0,0,0,33,0,0,0,35,75,0,0,0,0,0,0,0,0,0,0,0,0,0,0,0,0,0,0,0,0,0,0,0,0,0,0,0,0,0,0,0,0,0,0,0,14,0,0,0,0,0,0,0,0,0,0,0,0,0,0,0,0,0,0,0,0,0,0,0,0,0,0,0,0,0,0,0,0,0,0,0,0,0,0,0,0,0,0,2,0,0,0,0,0,0,0,0,0,0,0,0,0,0,0,0,0,0,0,0,0,0,0,0,0,0,0,0,0,0,0,0,0,0,0,0,0,0,0,0,0,0,0,0,0,0,0,0,0,0,0,0,0,0,0,0,0,0,0,0,0,0,0,0,atopy
SRR23951066,824,738,2473,103,243,126,0,334,105,448,0,219,546,160,504,241,24,0,3100,409,268,83,260,242,172,290,233,0,0,0,141,190,126,86,204,50,193,0,496,326,153,924,0,101,0,201,506,0,0,0,0,108,134,0,0,0,0,298,152,0,966,44,427,49,313,0,224,108,0,197,121,204,0,57,822,0,75,0,0,0,30,87,373,159,151,0,0,166,0,61,0,0,71,0,0,127,0,678,0,142,31,0,21,0,102,0,0,0,78,0,71,0,137,0,0,0,0,117,0,0,0,0,98,0,0,0,40,46,89,89,0,0,48,2,0,0,0,0,0,0,137,0,0,0,0,18,0,46,0,0,0,0,67,0,0,0,163,0,0,0,53,0,0,0,0,0,0,0,0,40,0,0,0,37,0,35,0,0,0,0,0,0,0,0,0,27,0,0,0,0,27,0,0,0,0,0,0,18,7,17,0,0,0,0,0,0,0,0,0,0,0,0,9,0,0,0,0,0,0,0,0,0,0,0,0,0,0,0,0,0,0,0,0,0,0,0,0,atopy
SRR23951067,1371,422,1771,0,125,55,0,174,0,59,0,67,68,0,577,0,54,67,900,154,159,243,126,0,0,54,120,0,84,0,331,114,105,0,92,0,0,0,0,100,78,97,0,34,0,206,0,122,0,0,0,0,0,0,57,0,0,0,45,0,0,0,0,0,0,0,0,0,0,3,0,88,0,0,0,0,0,0,0,0,0,49,12,0,0,105,0,0,0,0,0,0,97,0,0,0,0,0,0,0,0,0,0,0,0,0,0,0,0,0,0,0,0,0,0,0,0,4,0,0,0,0,0,0,0,0,0,0,0,0,0,0,0,0,5,0,0,0,0,0,28,0,0,0,0,0,2,0,0,0,0,0,0,0,61,0,0,0,0,0,0,2,0,0,0,0,0,0,16,0,0,0,0,0,0,0,0,0,0,0,0,0,0,0,0,0,0,0,0,0,0,0,0,0,0,0,0,0,0,0,0,0,0,0,0,0,0,0,0,0,0,0,0,0,0,0,0,0,0,0,0,0,0,0,0,0,0,0,0,0,0,0,0,0,0,0,0,atopy
SRR23951068,1330,614,825,157,74,60,42,154,26,0,138,108,226,133,1017,336,71,134,1118,0,0,33,0,72,0,80,266,64,0,0,0,0,10,59,56,0,0,69,0,0,38,0,0,218,0,0,0,165,57,0,110,0,0,0,0,0,0,0,111,0,0,144,79,0,0,0,18,0,0,50,0,0,0,0,0,0,0,0,6,30,0,0,0,0,0,0,0,0,32,103,0,0,119,91,0,0,0,0,0,20,0,0,0,66,0,0,0,0,0,0,0,0,0,0,0,0,0,21,0,0,0,0,0,0,0,0,0,0,0,74,0,0,0,0,0,0,0,0,0,0,0,0,0,71,0,0,0,61,0,0,0,0,0,0,2,0,0,0,0,0,0,0,0,0,0,0,0,0,0,0,0,0,0,0,0,0,0,0,0,0,0,0,0,0,0,0,0,0,0,0,0,0,0,0,19,0,0,0,0,0,0,0,0,0,0,3,0,0,0,0,0,0,0,0,0,0,0,0,0,0,0,0,0,4,0,0,0,0,0,0,0,0,0,0,0,0,0,atopy
SRR23951069,2026,87,0,160,203,40,167,0,364,150,586,150,166,0,78,103,145,24,876,0,0,63,0,0,127,0,77,0,0,0,0,132,0,0,195,51,0,0,0,0,0,0,0,34,0,0,0,0,0,0,0,0,0,0,27,0,0,0,0,0,0,0,0,0,0,0,0,0,0,0,0,0,0,0,0,0,0,0,0,0,0,0,8,0,0,0,159,0,69,0,0,0,0,0,0,0,0,0,0,0,0,0,0,0,0,0,0,0,0,0,0,0,0,0,0,0,0,0,0,0,0,0,0,0,0,0,0,0,0,0,0,0,0,0,0,0,0,0,0,0,0,0,0,0,0,100,0,0,0,0,0,0,0,0,0,0,0,0,0,0,0,0,0,0,0,0,47,0,0,0,0,0,0,0,0,0,0,0,0,0,0,0,0,0,0,0,0,0,0,0,0,0,0,0,0,0,0,0,0,0,0,0,0,0,0,0,0,0,0,0,0,0,0,0,0,0,0,0,0,0,0,0,0,0,0,0,0,0,0,0,0,0,0,0,0,0,0,atopy
SRR23951070,812,3015,189,0,104,53,0,255,60,91,0,0,142,0,107,191,165,0,569,39,179,43,0,0,57,213,0,0,0,0,0,0,6,0,0,0,0,0,176,0,0,85,2,0,0,21,101,0,0,0,67,0,0,0,0,0,0,0,0,0,0,0,20,0,0,0,0,0,0,0,0,0,0,25,151,0,0,0,13,0,0,0,0,0,0,0,0,0,0,0,0,0,0,0,0,0,0,40,0,0,0,0,0,0,0,0,0,0,0,0,0,0,0,0,0,0,93,17,0,0,0,0,6,2,0,53,0,0,0,0,0,0,0,0,22,0,0,0,0,0,0,0,18,0,0,0,0,70,0,0,0,0,0,0,0,0,0,0,0,0,0,0,0,0,0,0,0,0,0,0,0,0,22,0,0,0,0,0,0,0,0,0,0,0,0,0,27,0,0,0,0,0,0,0,0,0,0,0,0,0,0,0,0,0,0,8,0,0,0,0,0,0,0,0,0,0,0,0,0,0,0,0,0,0,0,0,0,0,0,0,0,0,0,0,0,0,0,atopy
SRR23951071,1232,332,554,106,121,46,0,599,126,0,0,141,164,0,838,58,61,0,1320,139,225,0,180,0,0,160,144,0,0,0,126,0,138,0,82,0,0,133,8,69,49,0,0,0,0,39,32,0,0,0,0,0,0,0,0,0,0,0,0,0,0,0,0,0,0,0,0,0,0,0,0,0,13,0,0,0,0,0,4,0,3,0,41,0,0,0,0,0,0,0,0,0,0,0,0,48,0,0,0,0,0,0,4,0,0,0,0,0,0,0,113,0,0,0,0,0,0,4,0,0,29,0,0,0,0,0,0,0,0,0,0,0,0,0,0,0,0,0,0,0,0,0,0,0,0,0,0,0,0,0,0,0,0,0,0,0,0,0,0,0,0,0,0,0,0,0,11,0,0,0,0,0,0,0,0,0,0,0,0,0,0,0,0,0,0,0,0,0,0,0,0,0,0,0,0,0,0,0,0,0,0,0,0,0,0,0,0,0,0,0,0,0,0,0,0,0,0,0,0,0,0,0,0,0,0,0,0,0,0,0,0,0,0,0,0,0,0,atopy
SRR23951072,705,3959,78,390,172,69,125,0,161,195,68,185,263,82,98,37,211,79,402,0,0,136,0,119,0,151,0,0,163,17,0,0,0,0,0,121,0,0,0,252,0,0,0,94,0,0,0,0,0,0,0,0,0,0,0,0,114,0,0,0,0,0,0,0,0,0,0,0,0,0,0,0,15,0,0,0,0,0,0,0,0,0,161,0,0,0,0,0,0,0,0,0,0,0,0,0,0,0,0,0,0,127,0,0,0,0,0,0,0,0,0,0,17,0,0,0,0,0,0,0,0,0,0,0,0,0,0,0,0,23,0,0,0,0,9,0,0,0,0,0,0,0,0,0,0,29,0,0,0,0,0,0,0,0,0,62,0,0,0,0,0,0,0,0,0,0,0,0,0,0,0,0,0,0,0,0,0,0,0,0,0,0,0,0,0,0,0,0,0,0,0,0,0,0,0,0,0,0,0,0,0,0,0,0,0,0,0,0,0,0,0,0,0,0,0,0,0,0,6,0,0,0,0,0,0,0,0,0,0,0,0,0,0,0,0,0,0,atopy
SRR23951073,1585,418,557,0,79,345,184,218,146,230,0,0,232,0,314,49,237,50,890,164,141,200,219,0,138,58,53,0,256,14,235,51,6,0,0,50,0,0,0,0,17,0,0,43,0,78,0,22,0,0,193,0,0,0,0,0,55,16,13,0,0,0,0,149,0,0,0,0,0,0,0,0,0,0,0,0,0,0,0,30,68,0,0,0,0,0,0,0,27,0,0,0,0,0,0,0,0,0,0,0,0,0,0,0,0,0,30,0,0,0,30,0,0,0,0,0,0,0,0,0,0,0,0,0,0,0,0,0,0,0,0,0,0,0,0,0,0,0,0,0,0,0,0,0,0,0,0,0,0,0,0,0,0,0,0,5,0,0,0,0,0,0,0,0,0,0,0,0,0,0,0,0,0,0,0,0,0,0,7,0,0,0,0,0,0,0,0,0,0,0,0,0,0,0,0,0,0,0,0,0,0,0,0,0,0,0,0,0,0,0,0,0,0,0,0,0,0,0,0,0,0,0,0,0,0,0,0,0,0,0,0,0,0,0,0,0,0,atopy
SRR23951074,734,229,505,280,276,47,87,470,3,0,89,228,136,166,697,158,0,260,848,174,174,0,0,0,113,86,0,135,0,12,419,4,4,0,0,151,0,0,282,0,36,91,0,0,0,217,439,0,0,0,80,133,97,16,0,0,0,119,370,0,206,209,0,0,278,12,5,224,0,2,173,23,52,0,233,0,83,0,0,0,0,0,0,0,0,0,0,0,0,101,0,0,0,0,0,0,68,93,0,10,0,0,123,94,0,0,0,0,28,67,0,113,0,110,106,0,0,337,0,103,0,0,67,2,0,0,0,0,0,0,19,0,0,2,22,0,0,0,0,0,0,0,0,0,0,0,0,28,0,0,0,0,0,0,18,13,0,0,0,0,0,53,0,0,0,0,0,0,0,0,0,0,0,0,0,0,0,0,0,0,0,0,0,0,0,0,0,0,0,0,0,0,0,0,0,0,0,0,12,0,0,0,0,0,0,6,0,0,0,0,0,0,0,0,0,0,0,0,0,0,0,0,0,0,0,0,0,0,0,2,0,0,0,0,0,0,0,atopy
SRR23951075,2364,943,114,153,162,0,161,0,346,131,337,0,258,117,60,127,175,81,213,0,0,0,0,0,0,0,0,0,0,0,0,0,0,0,0,0,0,35,0,48,0,0,0,0,0,0,0,0,0,0,0,0,0,0,0,0,36,0,0,0,0,0,0,0,0,0,0,0,0,0,0,0,79,0,0,0,0,0,5,43,12,0,0,0,0,0,0,0,25,246,0,0,7,0,0,0,0,0,0,2,0,0,0,122,35,0,0,0,0,0,0,0,0,0,0,0,0,0,0,0,0,0,0,0,18,0,0,0,0,0,0,0,0,0,0,0,0,0,0,0,0,0,0,0,0,0,0,10,0,0,0,0,0,6,0,0,0,0,0,0,0,0,0,0,5,0,13,0,0,0,0,0,0,0,0,0,0,0,0,0,0,0,0,0,0,0,0,0,0,0,0,0,0,0,0,0,0,0,0,0,0,0,0,0,0,0,0,0,0,0,0,0,0,0,0,0,0,0,0,0,0,0,0,0,0,0,0,0,0,0,0,0,0,0,0,0,0,atopy
SRR23951076,4400,708,602,0,229,0,189,732,0,113,432,154,0,0,298,0,838,305,913,150,0,48,0,0,192,123,74,0,0,25,50,0,101,0,62,0,0,0,0,0,50,0,0,64,0,0,101,77,0,232,70,0,0,0,6,0,257,0,22,0,0,0,160,82,0,0,0,0,386,0,96,0,76,0,0,0,0,0,0,0,0,79,0,0,0,0,0,0,148,0,0,0,96,0,142,0,0,0,0,0,0,0,0,0,19,0,0,0,0,0,0,0,0,0,0,0,0,4,0,0,5,0,0,0,0,0,93,0,0,0,0,0,0,0,3,0,0,0,83,0,0,0,0,0,0,0,0,0,0,0,0,58,0,0,0,0,0,0,0,40,0,7,0,0,0,0,0,0,0,0,0,0,38,0,0,0,0,0,0,0,0,0,0,0,0,0,0,0,0,0,0,0,0,0,0,2,0,0,0,0,0,0,0,0,0,12,0,0,0,0,0,0,0,9,0,0,0,0,0,0,0,0,0,0,0,0,0,0,0,0,0,0,0,0,0,0,0,atopy
