d__Bacteria;p__Firmicutes;c__Negativicutes;o__Veillonellales-Selenomonadales;f__Selenomonadaceae;g__Megamonas,d__Bacteria;p__Firmicutes;c__Clostridia;o__Lachnospirales;f__Lachnospiraceae;g__Agathobacter,d__Bacteria;p__Bacteroidota;c__Bacteroidia;o__Bacteroidales;f__Bacteroidaceae;g__Bacteroides,d__Bacteria;p__Firmicutes;c__Clostridia;o__Lachnospirales;f__Lachnospiraceae;g__Tyzzerella,d__Bacteria;p__Firmicutes;c__Clostridia;o__Lachnospirales;f__Lachnospiraceae;g__[Ruminococcus]_gnavus_group,d__Bacteria;p__Firmicutes;c__Clostridia;o__Lachnospirales;f__Lachnospiraceae;g__Blautia,d__Bacteria;p__Bacteroidota;c__Bacteroidia;o__Bacteroidales;f__Rikenellaceae;g__Alistipes,d__Bacteria;p__Bacteroidota;c__Bacteroidia;o__Bacteroidales;f__Tannerellaceae;g__Parabacteroides,d__Bacteria;p__Firmicutes;c__Clostridia;o__Lachnospirales;f__Lachnospiraceae;__,d__Bacteria;p__Proteobacteria;c__Gammaproteobacteria;o__Burkholderiales;f__Sutterellaceae;g__Parasutterella,d__Bacteria;p__Firmicutes;c__Negativicutes;o__Acidaminococcales;f__Acidaminococcaceae;g__Phascolarctobacterium,d__Bacteria;p__Firmicutes;c__Clostridia;o__Lachnospirales;f__Lachnospiraceae;g__Lachnoclostridium,d__Bacteria;p__Firmicutes;c__Clostridia;o__Oscillospirales;f__Oscillospiraceae;g__Oscillibacter,d__Bacteria;p__Bacteroidota;c__Bacteroidia;o__Bacteroidales;f__Prevotellaceae;g__Prevotella,d__Bacteria;p__Firmicutes;c__Clostridia;o__Oscillospirales;f__Oscillospiraceae;g__Flavonifractor,d__Bacteria;p__Bacteroidota;c__Bacteroidia;o__Bacteroidales;f__Marinifilaceae;g__Odoribacter,d__Bacteria;p__Firmicutes;c__Clostridia;o__Oscillospirales;f__Ruminococcaceae;g__Incertae_Sedis,d__Bacteria;p__Firmicutes;c__Clostridia;o__Lachnospirales;f__Lachnospiraceae;g__[Ruminococcus]_torques_group,d__Bacteria;p__Firmicutes;c__Bacilli;o__Lactobacillales;f__Streptococcaceae;g__Streptococcus,d__Bacteria;p__Firmicutes;c__Clostridia;o__Lachnospirales;f__Lachnospiraceae;g__Fusicatenibacter,d__Bacteria;p__Firmicutes;c__Clostridia;o__Lachnospirales;f__Lachnospiraceae;g__[Eubacterium]_ventriosum_group,d__Bacteria;p__Firmicutes;c__Clostridia;o__Oscillospirales;f__Oscillospiraceae;g__UCG-002,d__Bacteria;p__Actinobacteriota;c__Coriobacteriia;o__Coriobacteriales;f__Coriobacteriaceae;g__Collinsella,d__Bacteria;p__Firmicutes;c__Clostridia;o__Lachnospirales;f__Lachnospiraceae;g__Coprococcus,d__Bacteria;p__Firmicutes;c__Clostridia;o__Oscillospirales;f__Oscillospiraceae;g__Colidextribacter,d__Bacteria;p__Desulfobacterota;c__Desulfovibrionia;o__Desulfovibrionales;f__Desulfovibrionaceae;g__Bilophila,d__Bacteria;p__Firmicutes;c__Clostridia;o__Oscillospirales;f__Butyricicoccaceae;g__Butyricicoccus,d__Bacteria;p__Firmicutes;c__Bacilli;o__Erysipelotrichales;f__Erysipelatoclostridiaceae;g__Erysipelatoclostridium,d__Bacteria;p__Firmicutes;c__Clostridia;o__Lachnospirales;f__Lachnospiraceae;g__Roseburia,d__Bacteria;p__Proteobacteria;c__Gammaproteobacteria;o__Enterobacterales;f__Enterobacteriaceae;g__Escherichia-Shigella,d__Bacteria;p__Firmicutes;c__Negativicutes;o__Veillonellales-Selenomonadales;f__Veillonellaceae;g__Veillonella,d__Bacteria;p__Firmicutes;c__Clostridia;o__Oscillospirales;f__Ruminococcaceae;g__Anaerotruncus,d__Bacteria;p__Firmicutes;c__Clostridia;o__Lachnospirales;f__Lachnospiraceae;g__Lachnospiraceae_UCG-004,d__Bacteria;p__Firmicutes;c__Clostridia;o__Lachnospirales;f__Lachnospiraceae;g__uncultured,d__Bacteria;p__Firmicutes;c__Clostridia;o__Oscillospirales;f__Ruminococcaceae;g__uncultured,d__Bacteria;p__Firmicutes;c__Clostridia;o__Oscillospirales;f__Ruminococcaceae;g__UBA1819,d__Bacteria;p__Firmicutes;c__Clostridia;o__Oscillospirales;f__Ruminococcaceae;g__Angelakisella,d__Bacteria;p__Firmicutes;c__Clostridia;o__Lachnospirales;f__Lachnospiraceae;g__Eisenbergiella,d__Bacteria;p__Firmicutes;c__Bacilli;o__Erysipelotrichales;f__Erysipelotrichaceae;g__Holdemania,d__Bacteria;p__Firmicutes;c__Clostridia;o__Monoglobales;f__Monoglobaceae;g__Monoglobus,d__Bacteria;p__Actinobacteriota;c__Coriobacteriia;o__Coriobacteriales;f__Eggerthellaceae;g__Eggerthella,d__Bacteria;p__Firmicutes;c__Clostridia;o__Oscillospirales;f__Oscillospiraceae;__,d__Bacteria;p__Firmicutes;c__Bacilli;o__Erysipelotrichales;f__Erysipelotrichaceae;g__Turicibacter,d__Bacteria;p__Firmicutes;c__Clostridia;o__Lachnospirales;f__Lachnospiraceae;g__Shuttleworthia,d__Bacteria;p__Actinobacteriota;c__Actinobacteria;o__Micrococcales;f__Micrococcaceae;g__Rothia,d__Bacteria;p__Firmicutes;c__Clostridia;o__Oscillospirales;f__Ruminococcaceae;g__Fournierella,d__Bacteria;p__Firmicutes;c__Clostridia;o__Oscillospirales;f__Ruminococcaceae;g__Faecalibacterium,d__Bacteria;p__Firmicutes;c__Clostridia;o__Oscillospirales;f__Ruminococcaceae;g__Candidatus_Soleaferrea,d__Bacteria;p__Bacteroidota;c__Bacteroidia;o__Bacteroidales;f__Barnesiellaceae;g__Barnesiella,d__Bacteria;p__Firmicutes;c__Clostridia;o__Lachnospirales;f__Lachnospiraceae;g__Lachnospiraceae_NK4A136_group,d__Bacteria;p__Firmicutes;c__Clostridia;o__Oscillospirales;f__Ruminococcaceae;__,d__Bacteria;p__Firmicutes;c__Clostridia;o__Lachnospirales;f__Lachnospiraceae;g__Dorea,d__Bacteria;p__Firmicutes;c__Clostridia;o__Oscillospirales;f__Oscillospiraceae;g__uncultured,d__Bacteria;p__Firmicutes;c__Clostridia;o__Lachnospirales;f__Lachnospiraceae;g__Lachnospiraceae_UCG-010,d__Bacteria;p__Firmicutes;c__Clostridia;o__Oscillospirales;f__Ruminococcaceae;g__Negativibacillus,d__Bacteria;p__Firmicutes;c__Bacilli;o__Erysipelotrichales;f__Erysipelotrichaceae;g__Dielma,d__Bacteria;p__Firmicutes;c__Clostridia;o__Oscillospirales;f__Ethanoligenenaceae;g__Acetanaerobacterium,d__Bacteria;p__Firmicutes;c__Clostridia;o__Oscillospirales;__;__,d__Bacteria;p__Proteobacteria;c__Gammaproteobacteria;o__Enterobacterales;f__Pasteurellaceae;g__Haemophilus,d__Bacteria;p__Firmicutes;c__Clostridia;o__Oscillospirales;f__Butyricicoccaceae;g__UCG-009,d__Bacteria;p__Actinobacteriota;c__Actinobacteria;o__Actinomycetales;f__Actinomycetaceae;g__Actinomyces,d__Bacteria;p__Firmicutes;c__Clostridia;o__Oscillospirales;f__Oscillospiraceae;g__Intestinimonas,d__Bacteria;p__Firmicutes;c__Bacilli;o__Erysipelotrichales;f__Erysipelotrichaceae;g__Merdibacter,d__Bacteria;p__Firmicutes;c__Bacilli;o__Lactobacillales;f__Carnobacteriaceae;g__Granulicatella,d__Bacteria;p__Firmicutes;c__Clostridia;o__Christensenellales;f__Christensenellaceae;g__uncultured,d__Bacteria;p__Firmicutes;c__Clostridia;o__Oscillospirales;f__Ruminococcaceae;g__DTU089,d__Bacteria;p__Firmicutes;c__Clostridia;o__Lachnospirales;f__Lachnospiraceae;g__Lachnospira,d__Bacteria;p__Bacteroidota;c__Bacteroidia;o__Bacteroidales;f__Prevotellaceae;g__Prevotella_9,d__Bacteria;p__Firmicutes;c__Clostridia;o__Oscillospirales;f__[Clostridium]_methylpentosum_group;g__[Clostridium]_methylpentosum_group,d__Bacteria;p__Firmicutes;c__Clostridia;o__Lachnospirales;f__Lachnospiraceae;g__Sellimonas,d__Bacteria;p__Firmicutes;c__Clostridia;o__Peptostreptococcales-Tissierellales;f__Peptostreptococcaceae;g__Romboutsia,d__Bacteria;p__Firmicutes;c__Clostridia;o__Christensenellales;f__Christensenellaceae;g__Christensenellaceae_R-7_group,d__Bacteria;p__Firmicutes;c__Bacilli;o__Erysipelotrichales;f__Erysipelotrichaceae;g__[Clostridium]_innocuum_group,d__Bacteria;p__Firmicutes;c__Clostridia;o__Peptostreptococcales-Tissierellales;f__Anaerovoracaceae;g__Family_XIII_UCG-001,d__Bacteria;p__Firmicutes;c__Clostridia;o__Clostridiales;f__Clostridiaceae;g__Clostridium_sensu_stricto_1,d__Bacteria;p__Firmicutes;c__Clostridia;o__Oscillospirales;f__Oscillospiraceae;g__Oscillospira,d__Bacteria;p__Firmicutes;c__Clostridia;o__Oscillospirales;f__[Eubacterium]_coprostanoligenes_group;g__[Eubacterium]_coprostanoligenes_group,d__Bacteria;p__Firmicutes;c__Bacilli;o__Staphylococcales;f__Gemellaceae;g__Gemella,d__Bacteria;p__Firmicutes;c__Clostridia;o__Oscillospirales;f__Ruminococcaceae;g__Ruminococcus,d__Bacteria;p__Firmicutes;c__Clostridia;o__Lachnospirales;f__Lachnospiraceae;g__Lachnospiraceae_ND3007_group,d__Bacteria;p__Firmicutes;c__Negativicutes;o__Veillonellales-Selenomonadales;f__Veillonellaceae;g__Megasphaera,d__Bacteria;p__Firmicutes;c__Clostridia;o__Lachnospirales;f__Lachnospiraceae;g__[Eubacterium]_eligens_group,d__Bacteria;p__Firmicutes;c__Clostridia;o__Lachnospirales;f__Lachnospiraceae;g__Hungatella,d__Bacteria;p__Proteobacteria;c__Gammaproteobacteria;o__Enterobacterales;f__Enterobacteriaceae;__,d__Bacteria;p__Proteobacteria;c__Gammaproteobacteria;o__Burkholderiales;f__Sutterellaceae;g__Sutterella,d__Bacteria;p__Firmicutes;c__Negativicutes;o__Veillonellales-Selenomonadales;f__Selenomonadaceae;g__Mitsuokella,d__Bacteria;p__Firmicutes;c__Clostridia;o__Lachnospirales;f__Lachnospiraceae;g__[Eubacterium]_hallii_group,d__Bacteria;p__Actinobacteriota;c__Actinobacteria;o__Bifidobacteriales;f__Bifidobacteriaceae;g__Bifidobacterium,d__Bacteria;p__Firmicutes;c__Bacilli;o__Erysipelotrichales;f__Erysipelatoclostridiaceae;g__Erysipelotrichaceae_UCG-003,d__Bacteria;p__Firmicutes;c__Clostridia;o__Oscillospirales;f__Ruminococcaceae;g__CAG-352,d__Bacteria;p__Firmicutes;c__Clostridia;o__Lachnospirales;f__Lachnospiraceae;g__Anaerostipes,d__Bacteria;p__Verrucomicrobiota;c__Verrucomicrobiae;o__Verrucomicrobiales;f__Akkermansiaceae;g__Akkermansia,d__Bacteria;p__Firmicutes;c__Clostridia;o__Lachnospirales;f__Lachnospiraceae;g__Lachnospiraceae_UCG-008,d__Bacteria;p__Firmicutes;c__Clostridia;o__Oscillospirales;f__Oscillospiraceae;g__UCG-005,d__Bacteria;p__Firmicutes;c__Clostridia;o__Lachnospirales;f__Lachnospiraceae;g__CAG-56,d__Bacteria;p__Firmicutes;c__Clostridia;o__Lachnospirales;f__Lachnospiraceae;g__Lachnospiraceae,d__Bacteria;p__Firmicutes;c__Clostridia;o__Lachnospirales;f__Lachnospiraceae;g__GCA-900066575,d__Bacteria;p__Actinobacteriota;c__Coriobacteriia;o__Coriobacteriales;f__Eggerthellaceae;g__Adlercreutzia,d__Bacteria;p__Firmicutes;c__Clostridia;o__Oscillospirales;f__Ruminococcaceae;g__[Eubacterium]_siraeum_group,d__Bacteria;p__Firmicutes;c__Clostridia;o__Peptostreptococcales-Tissierellales;f__Peptostreptococcaceae;g__Intestinibacter,d__Bacteria;p__Firmicutes;c__Clostridia;o__Oscillospirales;f__Oscillospiraceae;g__Pseudoflavonifractor,d__Bacteria;p__Firmicutes;c__Clostridia;o__Lachnospirales;f__Lachnospiraceae;g__Lachnospiraceae_FCS020_group,d__Bacteria;p__Firmicutes;c__Clostridia;o__Clostridia_vadinBB60_group;f__Clostridia_vadinBB60_group;g__Clostridia_vadinBB60_group,d__Bacteria;p__Proteobacteria;c__Gammaproteobacteria;o__Enterobacterales;f__Pasteurellaceae;__,d__Bacteria;p__Firmicutes;c__Clostridia;o__Lachnospirales;f__Lachnospiraceae;g__[Eubacterium]_ruminantium_group,d__Bacteria;p__Firmicutes;c__Negativicutes;o__Acidaminococcales;f__Acidaminococcaceae;g__Acidaminococcus,d__Bacteria;p__Firmicutes;c__Clostridia;o__Oscillospirales;f__Ruminococcaceae;g__Subdoligranulum,d__Bacteria;p__Fusobacteriota;c__Fusobacteriia;o__Fusobacteriales;f__Fusobacteriaceae;g__Fusobacterium,d__Bacteria;p__Patescibacteria;c__Saccharimonadia;o__Saccharimonadales;f__Saccharimonadaceae;g__TM7x,d__Bacteria;p__Proteobacteria;c__Alphaproteobacteria;o__Rhizobiales;f__Xanthobacteraceae;g__Bradyrhizobium,d__Bacteria;p__Firmicutes;c__Negativicutes;o__Veillonellales-Selenomonadales;f__Veillonellaceae;g__Allisonella,d__Bacteria;p__Proteobacteria;c__Alphaproteobacteria;o__Rhizobiales;f__Rhizobiaceae;g__Mesorhizobium,d__Bacteria;p__Firmicutes;c__Bacilli;o__Erysipelotrichales;f__Erysipelotrichaceae;g__Faecalitalea,d__Bacteria;p__Bacteroidota;c__Bacteroidia;o__Bacteroidales;f__Muribaculaceae;g__Muribaculaceae,d__Bacteria;p__Firmicutes;c__Bacilli;o__Erysipelotrichales;f__Erysipelatoclostridiaceae;g__Catenibacterium,d__Bacteria;p__Bacteroidota;c__Bacteroidia;o__Bacteroidales;f__Prevotellaceae;g__Paraprevotella,d__Bacteria;p__Firmicutes;c__Bacilli;o__Erysipelotrichales;f__Erysipelotrichaceae;g__Holdemanella,d__Bacteria;p__Firmicutes;c__Clostridia;o__Oscillospirales;f__Oscillospiraceae;g__NK4A214_group,d__Bacteria;p__Firmicutes;c__Clostridia;o__Oscillospirales;f__Oscillospiraceae;g__UCG-003,d__Bacteria;p__Verrucomicrobiota;c__Lentisphaeria;o__Victivallales;f__Victivallaceae;g__Victivallis,d__Bacteria;p__Bacteroidota;c__Bacteroidia;o__Bacteroidales;f__Marinifilaceae;g__Butyricimonas,d__Bacteria;p__Firmicutes;c__Clostridia;o__Lachnospirales;f__Lachnospiraceae;g__[Ruminococcus]_gauvreauii_group,d__Bacteria;p__Firmicutes;c__Clostridia;o__Peptostreptococcales-Tissierellales;f__Anaerovoracaceae;g__Family_XIII_AD3011_group,d__Bacteria;p__Firmicutes;c__Bacilli;o__RF39;f__RF39;g__RF39,d__Bacteria;p__Firmicutes;c__Clostridia;o__Oscillospirales;f__UCG-010;g__UCG-010,d__Bacteria;p__Actinobacteriota;c__Coriobacteriia;o__Coriobacteriales;f__Eggerthellaceae;g__Senegalimassilia,d__Bacteria;p__Firmicutes;c__Clostridia;__;__;__,d__Bacteria;p__Firmicutes;c__Clostridia;o__Lachnospirales;f__Lachnospiraceae;g__Marvinbryantia,d__Bacteria;p__Firmicutes;c__Clostridia;o__Oscillospirales;f__Ruminococcaceae;g__Phocea,d__Bacteria;p__Firmicutes;c__Clostridia;o__Lachnospirales;f__Lachnospiraceae;g__Moryella,d__Bacteria;p__Firmicutes;c__Bacilli;o__Erysipelotrichales;f__Erysipelatoclostridiaceae;g__Coprobacillus,d__Bacteria;p__Firmicutes;c__Clostridia;o__Lachnospirales;f__Lachnospiraceae;g__Anaerostignum,d__Bacteria;p__Firmicutes;c__Negativicutes;o__Veillonellales-Selenomonadales;f__Veillonellaceae;g__Dialister,d__Bacteria;p__Bacteroidota;c__Bacteroidia;o__Bacteroidales;f__Barnesiellaceae;g__Coprobacter,d__Bacteria;p__Proteobacteria;c__Gammaproteobacteria;o__Burkholderiales;f__Oxalobacteraceae;__,d__Bacteria;p__Firmicutes;c__Clostridia;o__Peptococcales;f__Peptococcaceae;g__uncultured,d__Bacteria;p__Firmicutes;c__Clostridia;o__Lachnospirales;f__Lachnospiraceae;g__[Eubacterium]_xylanophilum_group,Label
0,9206,24994,0,11,1086,13675,1005,2597,3462,7580,815,314,0,35,1306,295,1982,74,4149,460,6898,939,2456,210,546,175,438,1765,7,7,67,44,947,345,41,151,0,41,347,3,155,111,0,2,0,23304,8,3615,2558,85,997,218,381,186,0,8,5,11,35,4,10,0,0,15,24,965,0,0,6,152,3405,0,0,135,29,10302,0,4405,1227,0,2684,0,0,0,0,214,2607,620,2174,643,14848,173,1150,124,0,41,69,249,3,0,58,15,2,0,15,10449,0,2,0,0,2,0,0,0,0,0,161,1422,75,0,186,138,0,64,0,5,1,23,50,0,0,0,66,23,3,0,atopy
13521,6079,51122,0,44,550,7813,1618,7779,200,2839,6903,1395,0,540,1103,118,2189,1017,3313,963,54,301,1713,1313,1788,527,60,3920,203,11,16,1214,322,331,46,38,0,188,266,15,273,3,0,26,0,29857,7,0,1577,126,1257,509,1234,580,40,0,15,19,10,15,45,0,7,4,18,0,0,16,0,0,79,2,0,0,13,8845,2,0,1840,0,9792,0,0,6785,0,126,5192,79,1114,185,2,637,845,612,5,0,15,1299,0,0,90,0,0,0,0,6982,0,4,0,0,0,0,0,0,0,0,0,2353,366,0,39,65,0,0,0,9,5,37,57,0,0,0,0,0,0,478,atopy
0,0,48398,3224,930,1953,2435,2573,14161,3900,3765,2137,1708,0,570,308,2466,3406,1084,0,347,0,0,0,386,472,245,114,0,103,171,84,1736,1478,132,78,0,397,81,322,12,0,3,0,42,0,92206,12,0,1883,0,1296,254,986,3,36,18,0,87,0,16,101,0,0,0,0,6314,0,4,0,13,37,19,31,2,0,317,0,0,0,0,0,245,0,0,0,840,2180,0,0,1357,0,0,0,0,86,0,41,0,0,0,326,0,0,0,0,0,237,3,0,0,0,103,0,0,0,0,0,0,0,0,0,0,0,0,0,0,26,40,169,18,0,5673,0,0,0,0,atopy
0,0,37637,12194,1931,2839,0,4756,651,0,0,2910,247,26,2890,0,2036,6926,274,0,0,0,0,0,225,2318,65,790,1868,2528,50,167,0,587,292,194,0,0,0,699,262,8,0,0,0,0,29948,49,0,0,513,0,0,10,471,0,0,47,2,82,3,0,30,5,0,177,2367,0,0,1298,27,59,911,0,24,0,0,5,0,0,0,0,1267,0,0,0,0,16963,0,0,249,0,0,0,0,0,0,0,0,973,0,0,0,0,0,0,0,0,38,85,0,26,0,0,0,0,0,0,0,0,0,0,0,0,0,0,49,0,0,0,27,0,5209,0,0,0,22,atopy
0,0,37604,361,2948,719,0,0,14932,0,9538,329,0,447,221,0,711,0,150,0,0,0,7400,0,0,0,333,30,4448,3776,195,0,0,300,0,0,0,0,0,89,0,0,14,0,17,0,20101,0,0,69,0,0,0,0,2,0,0,0,286,0,69,0,0,7,0,0,8498,0,0,0,166,0,0,0,522,0,0,2,0,0,0,2893,0,18,10247,0,0,800,1356,0,492,0,0,0,0,0,0,0,0,58,0,0,0,14,0,0,0,178,6,0,0,0,0,0,0,0,0,0,0,0,0,0,0,0,0,0,0,0,0,0,0,0,0,0,0,0,0,atopy
18844,0,22058,381,545,256,764,1384,7266,0,4359,1991,752,1139,769,57,0,181,4,73,31,0,219,63,252,543,127,0,350,751,0,3,14,681,0,33,0,0,41,16,2,0,0,0,4,100,796,0,0,80,0,1053,24,0,0,0,0,0,0,0,3,0,0,2,0,0,6311,17107,0,0,0,0,0,0,13,0,0,0,18,177,0,5066,0,0,4801,0,21,35,139,19,43,0,0,0,0,0,0,0,0,5,2,0,0,7,7,0,683,699,13,42,0,12,0,0,197,0,41,0,0,0,17,30,0,0,0,0,0,0,0,0,0,312,0,0,0,0,0,atopy
2,2734,51126,3562,1468,1748,0,467,5432,14407,0,4625,2,0,108,0,94,0,460,2781,15,0,1542,0,0,0,0,12,405,3104,2739,0,126,223,0,0,0,0,0,32,19,0,0,0,162,113,23557,0,0,0,0,611,0,0,0,20,0,0,9237,0,27,0,0,73,0,0,6421,0,9,46,10553,0,0,0,21660,0,0,3,0,48,0,0,0,301,62,0,178,259,2561,0,959,0,0,0,0,0,0,0,0,80,0,0,0,103,0,0,4,127,13,462,0,242,107,0,0,0,0,0,0,0,0,0,0,0,0,0,0,0,0,0,0,6,1392,0,0,0,0,atopy
0,35027,9208,2,0,1168,937,0,2800,5,0,969,310,0,22,1138,274,709,4895,1114,2,4583,2420,1213,457,178,529,4,0,760,565,2,998,477,439,20,0,2,10,1959,0,125,0,0,271,0,56643,4,0,869,9,1475,314,63,141,0,0,0,1504,13,42,11,0,6,20,74,0,37095,0,0,902,237,0,132,202,8,2424,17,0,296,0,2951,0,0,4073,0,47,0,7,0,13,0,194,1925,0,0,47,7,0,5291,0,54,7,18,0,0,4347,0,14,181,0,65,0,951,1193,0,954,128,1153,0,0,157,112,200,621,14,0,13,0,28,0,0,0,0,0,0,0,atopy
0,29015,86978,104,81,3623,21642,11773,6699,6694,10,4369,1984,0,820,2036,1704,1242,759,10668,249,1657,1467,5438,1254,732,434,162,14252,269,108,39,292,1167,549,61,164,0,96,561,45,56,30,0,73,0,64455,13,4370,2031,195,809,398,993,781,65,39,13,404,215,17,24,0,2,34,35,1046,0,20,16,481,16,16,99,1128,0,7,8,553,681,0,11588,84,8,0,0,64,1734,2038,3078,4,0,383,629,0,0,132,0,65,20,4,0,424,5,0,0,4814,24,0,19,0,9,0,0,0,0,0,0,937,99,5548,0,0,0,0,0,0,0,0,0,55,0,18771,1134,22,0,0,atopy
0,8899,32068,0,1508,3207,449,2584,11722,17601,8139,23782,75,0,58,102,207,2632,444,4311,131,3281,1172,8031,230,0,762,0,477,110,28,0,2698,1276,41,0,0,0,19,2257,5,9,0,0,166,13,72180,9,74,780,0,1603,128,1136,193,0,0,0,56,0,15,0,0,23,0,0,176,0,8,0,2,56,0,4,0,0,204,10,4676,895,0,11238,0,0,0,0,133,15588,1404,638,926,0,521,18,36,27,15,30,0,2,0,281,0,0,0,0,3173,0,12,0,0,0,0,0,0,0,0,52,1008,0,9,9,0,0,0,0,0,6,3,52,0,0,29,34,0,0,0,atopy
0,57736,16078,0,9,30115,5241,134,6008,1091,319,3401,1499,59,765,166,6757,22590,497,41808,6558,46921,0,6604,4798,0,73,64,817,543,6,613,229,460,513,3755,0,905,6,11,82,36,5,2,342,0,50108,71,2349,260,5586,27041,1507,1215,0,0,0,0,9,447,29,0,0,3,614,489,316,0,0,126,91,3466,5,0,31,0,7,0,0,5225,0,12390,114,7,0,0,586,125059,0,106370,3864,0,0,9149,0,0,40,1548,0,92,0,1747,138,0,0,0,41653,0,5,0,0,0,5,0,5322,0,0,0,1364,0,0,0,0,0,0,0,106,567,5,0,0,0,0,8098,0,3,0,atopy
0,24563,27207,0,0,801,9365,1740,3368,217,3,1164,81,29,4,1599,217,8178,769,5660,3483,7763,999,2444,275,946,509,0,2443,399,10,14,586,1643,23,96,31,2,16,40,0,21,3,0,90,0,67006,6,0,1481,65,3597,470,832,8,4,7,0,204,105,2,0,0,3,2,46,16163,14428,0,0,108,2258,0,0,82,0,9178,0,2804,3016,0,16265,317,0,4420,880,34,6971,515,64,1122,46,747,10048,1090,0,115,10,22,0,0,229,49,2,209,0,4091,0,3,0,0,0,0,4395,7782,0,1250,362,806,0,1010,245,223,121,43,74,11,15,0,102,140,0,0,424,21,0,158,atopy
0,18788,18255,0,142,861,309,1080,4012,2,4021,1741,174,0,108,157,192,260,6639,1502,156,1110,1531,684,339,213,191,4,5287,0,1213,2,307,82,172,4,0,2,66,421,5,158,0,0,1672,0,46594,11,0,567,0,519,84,686,57,0,0,0,275,18,96,0,0,8,0,0,1681,0,0,0,0,63,0,0,0,11,0,0,503,1486,0,16260,0,3,0,3703,23,687,24,461,136,0,513,126,239,0,84,0,0,0,2,176,0,0,0,0,1086,0,0,0,203,0,0,0,4113,1389,0,87,537,0,116,370,140,0,21,0,0,3,1,64,0,0,0,0,0,0,0,atopy
0,0,30398,4684,522,1915,3821,415,3764,3215,2099,8777,965,18,297,1212,890,2513,118,385,230,1047,486,1576,589,73,446,40,477,5088,58,30,211,442,105,930,65,116,103,201,9,46,104,64,8,0,29845,0,0,609,12,2291,143,0,235,21,0,25,100,39,9,43,0,14,15,63,69,0,2,83,225,128,24,60,0,2,0,0,552,0,0,0,228,0,0,0,185,93,307,0,1132,0,0,479,0,0,0,0,0,224,0,0,0,2,0,0,1514,0,4,302,0,222,2,0,0,0,0,161,214,251,0,0,0,0,0,0,17,0,0,66,2678,0,3019,0,0,15,0,atopy
0,5147,8551,279,1,311,219,565,398,1315,1080,853,57,0,55,108,313,83,3599,225,46,90,115,180,33,91,27,0,2824,51,426,2,277,127,19,0,0,0,2,63,0,9,4,0,127,0,15781,0,0,232,4,109,14,148,9,0,0,0,13198,0,16,0,0,10,0,0,4019,0,0,0,1576,8,0,2,593,0,549,5,214,37,0,46,0,9,0,0,32,9,126,44,195,0,0,11,91,8,15,0,0,23,0,0,0,143,0,0,328,0,24,48,0,33,15,0,0,0,0,28,97,0,0,0,0,0,0,0,0,0,0,0,0,0,168,0,0,0,0,atopy
0,17758,20360,5,83,2943,43,2322,5143,592,0,10609,343,5,371,261,1086,5081,267,3306,88,3079,2286,3094,6,115,250,0,667,9,138,23,832,886,98,6,0,0,0,4,36,21,0,0,33,0,63671,94,0,112,6,1598,171,0,0,0,23,0,394,49,40,0,3,2,0,5,15763,110515,23,0,53,39,0,0,95,0,0,5,0,317,1316,0,0,2,4557,0,252,6863,0,0,501,0,0,312,1379,0,0,51,0,12,0,220,0,202,0,0,6536,0,2,3,0,0,0,0,568,0,0,0,496,0,0,81,0,0,0,0,0,0,0,0,0,6,0,0,0,0,0,atopy
0,9021,32774,7445,829,492,652,3627,5811,3004,9866,24063,329,0,521,167,1181,803,3295,1931,17,113,0,0,127,446,148,142,2569,46,31,0,0,896,75,15,0,0,27,1730,12,8,0,0,151,0,22900,63,0,92,0,0,58,22,0,0,5,0,45,15,14,2,0,21,0,0,48683,0,61,12,2323,11,0,8,16408,0,0,5,0,79,0,0,0,21,0,5518,47,348,0,385,365,0,57,0,0,0,31,0,0,0,0,54,0,0,0,0,60,3822,27,42,0,8,12,0,0,0,0,9,1,0,0,0,0,0,0,0,0,0,21,9,0,0,0,370,0,0,0,atopy
0,3300,21514,646,58,725,134,1133,2436,1409,5455,5690,2,0,123,160,356,667,4140,277,12,0,189,978,884,5,378,19,445,139,1627,3,0,0,81,8,0,0,0,224,2,24,0,0,333,0,16493,10,0,117,0,328,53,9,2,0,0,0,3515,0,17,0,0,51,0,3,1783,0,2,0,0,0,0,0,0,0,0,17,0,206,0,0,0,3,12215,0,146,354,0,0,194,0,0,0,0,0,0,0,0,6,0,24,0,71,0,0,1443,31,0,0,0,0,0,0,0,0,0,0,1267,0,190,90,0,0,0,0,0,0,0,0,0,0,0,0,0,0,0,atopy
609,5868,18432,0,1,633,91,726,2397,0,3983,453,15,16660,2,0,20,399,286,771,891,840,438,1019,139,79,481,0,779,2,140,2,157,551,15,0,0,0,10,849,14,6,0,0,78,0,21294,0,0,627,2,108,26,594,0,0,0,0,4094,0,0,7,0,0,0,0,16343,0,0,0,361,35,4,27,23,0,276,0,0,727,0,23389,0,4,0,0,136,468,1738,0,281,0,179,40,0,0,81,0,1441,0,0,52,0,36,0,0,318,0,9,51,0,19,0,1509,0,1632,0,0,243,0,0,232,0,0,0,12,0,0,0,34,0,0,0,110,0,0,0,normal
0,9102,21010,0,12,418,5046,881,2061,1587,816,3155,237,0,90,381,119,310,56,1484,650,2318,1348,696,72,346,526,53,1049,8,18,16,61,518,11,12,0,0,19,85,4,46,85,0,7,0,24461,9,0,4182,5,1011,182,336,89,0,0,5,31,2,7,0,0,2,17,13,1884,0,3,4,32,269,0,0,6,0,2916,0,8815,309,0,10706,0,849,0,0,83,3356,248,615,193,219,117,296,202,7,29,7,0,0,0,36,18,0,43,0,4514,0,3,0,0,0,2,0,0,2190,0,158,784,0,1267,3,103,227,39,0,6,2,16,28,0,0,935,69,30,24,416,atopy
0,3779,13209,2620,16,839,0,6,762,0,270,11041,0,10213,6,0,437,771,218,1785,3,0,436,903,0,0,616,0,173,3,171,0,72,40,0,0,0,0,0,35,0,0,0,0,17,0,10213,0,0,17,0,0,0,0,0,0,0,0,1253,0,20,0,0,2,0,0,24560,0,0,0,22,0,0,0,17,0,0,0,21,69,0,85,0,0,3641,0,53,877,769,342,1163,0,0,0,0,0,13,0,0,0,0,0,0,21,0,0,586,0,8,78,0,33,2,908,0,0,0,0,0,0,0,0,0,0,0,0,0,2,0,0,0,0,0,0,0,0,0,normal
15498,3316,36190,197,165,612,272,1078,3044,14,291,9558,26,0,55,14,324,915,477,2035,146,42,1731,775,8,16,149,10,7551,292,185,0,352,1681,0,0,0,0,3,42,0,0,238,0,101,0,12861,0,0,225,0,1096,13,49,2,2,0,0,12916,0,20,0,0,28,0,3,21763,0,2,0,8433,3,0,0,1198,0,4,17,0,83,0,2032,0,140,7588,0,45,11801,435,26,112,27,0,2,304,0,15,0,0,0,0,8,0,176,0,0,77,0,3,0,48,0,13,0,0,0,1050,8,134,0,34,54,0,0,0,0,0,0,3,3,0,0,0,36,0,0,0,normal
0,1,26173,309,340,558,182,4599,7011,0,0,12111,48,0,60,0,150,22,17,2422,515,0,574,0,33,2,0,16,9,72,2,0,389,411,5,0,0,0,0,85,0,0,0,0,0,0,7190,0,0,32,0,0,6,0,2,0,0,0,94,0,0,0,0,0,0,8,3900,0,5,39,845,0,0,0,0,0,0,2,0,48,1980,74,0,0,4137,3338,35,6879,84,349,81,64,0,0,0,0,0,7,0,0,0,0,0,3,0,1449,2233,33,4,0,50,0,14,0,0,0,0,0,0,0,53,0,0,0,0,0,0,0,0,0,0,0,0,0,0,0,0,normal
23406,3492,37695,103,121,372,302,1440,2532,29,338,11242,31,0,113,11,221,622,238,1520,81,51,1327,408,16,14,117,24,9428,228,134,0,317,2055,0,3,0,0,3,38,0,0,144,0,66,0,19307,0,0,221,0,687,9,47,4,2,0,0,10756,0,7,0,0,11,0,0,28592,0,3,0,3238,4,0,0,2302,0,2,9,0,500,0,3473,0,114,8159,0,14,793,885,11,66,21,0,9,213,0,5,0,2,0,0,7,0,168,0,0,94,0,3,0,28,0,9,0,0,0,1781,11,190,0,18,39,0,0,0,0,0,0,0,3,0,0,3,27,3,0,0,atopy
13079,19590,30791,1149,1199,436,0,1906,2257,24,0,5485,109,0,925,0,675,0,305,406,239,0,287,3600,0,0,107,19,5410,325,396,2,317,570,129,0,0,0,0,54,0,371,0,0,117,7,23077,19,0,810,0,457,0,0,0,0,0,0,1593,0,12,7,0,4,0,0,3295,0,0,0,452,0,7,0,98,0,0,2,0,44,984,6909,0,401,5971,0,22,528,231,817,98,0,0,0,0,0,0,5,0,8,0,34,0,142,0,827,0,0,5,21,0,23,0,0,0,0,337,0,0,0,0,29,0,0,0,7,0,0,0,0,3,0,0,0,0,0,0,atopy
9126,4501,13531,2,60,1335,6141,1112,2005,164,497,2603,426,3,43,449,79,2121,192,1434,213,7058,904,211,136,339,214,6,1523,74,24,56,595,737,903,12,121,0,17,163,0,95,115,0,29,0,20255,0,0,1906,21,1312,84,117,82,2,0,3,746,11,11,8,0,11,19,6,7650,54173,0,0,31,2711,0,77,31,7,164,0,6045,202,1159,2337,0,86,4154,456,41,808,0,582,47,3624,207,1255,0,8,111,4,8,0,3,350,0,22,14921,0,2465,0,2,14,125,0,0,0,0,520,0,326,340,74,162,0,113,288,32,5,6,0,25,72,0,0,1667,0,60,11,0,normal
0,0,8835,549,309,423,1881,222,1714,0,3720,1344,352,11213,338,26,190,17,232,59,9,102,0,0,0,158,40,7,442,64,466,2,2822,8,94,0,0,0,0,588,18,218,0,3,0,21,14266,24,0,168,0,0,48,310,13,0,3,0,62,2,11,0,0,0,0,20,0,0,0,69,180,4,0,0,190,0,4790,0,101,0,0,7860,0,67,3936,0,0,14357,209,233,217,0,0,2,0,0,0,0,0,0,0,0,0,0,0,0,0,36,13,0,0,0,89,2205,0,0,0,0,599,5,0,0,0,0,0,0,0,0,0,0,0,0,37,0,0,0,0,atopy
0,5304,28456,849,4087,3220,3263,1058,745,2434,16,1651,1000,151,3158,527,1832,5070,144,3174,75,771,842,2292,269,430,260,15,269,10042,3,206,29,331,71,6727,0,1733,36,174,141,16,0,0,0,0,10698,17,0,14,66,1854,81,7,429,23,13,0,2,0,0,13,3,0,16,0,1746,0,2,2,0,24,150,0,0,0,20,0,0,404,0,246,796,0,20,0,343,380,1065,2,1779,0,0,707,192,0,0,0,0,99,0,60,0,0,0,0,1203,0,0,0,0,0,0,17,0,0,0,39,305,0,0,105,0,0,0,0,0,8,24,8,88,0,2550,0,0,0,8,atopy
0,4106,6265,56,3,186,198,1212,1668,1896,9264,5003,298,0,133,276,147,1340,8,1193,184,1752,58,601,143,0,717,0,216,31,2,0,0,263,46,9,0,0,11,17,0,126,0,6,2,0,6662,4,0,203,0,701,121,196,3,0,0,0,0,3,4,0,0,5,0,15,10701,16264,9,0,81,0,0,25,30,5,6724,0,1277,130,0,258,0,0,0,0,11,39,0,0,18,0,206,35,0,0,71,12,0,0,0,15,6,0,2468,0,646,0,0,0,0,0,0,0,0,0,157,184,179,0,77,0,25,0,0,0,0,6,0,24,0,0,1061,0,0,0,0,atopy
4121,37,6058,0,302,347,15,756,251,0,277,1810,0,0,99,0,80,0,36,1486,0,0,145,1842,74,0,115,89,0,36,20,0,119,488,0,13,0,0,0,0,0,0,0,0,20,0,14447,9,457,0,0,106,20,0,0,0,0,0,65,0,5,0,0,2,0,0,0,0,0,0,0,0,0,0,0,0,0,3,135,2,0,0,15,36,1916,166,15,3537,0,0,226,0,0,0,0,0,0,0,0,0,0,0,0,4,0,193,0,48,6,0,0,0,0,0,0,0,0,0,254,0,0,0,0,0,0,0,0,0,0,0,0,0,0,0,0,0,0,atopy
0,1493,122697,4745,130,553,59,754,2663,0,0,21104,18,2,244,59,227,4419,343,725,784,0,1415,2714,24,0,151,24,13311,0,7,0,246,329,0,2,0,0,2,27,3,0,124,0,84,0,5817,0,0,19,0,1365,9,22,0,0,0,0,2561,0,85,0,0,116,0,0,63262,2,0,2,4095,0,0,0,6,0,0,8,0,34,5635,1078,0,3,17246,3541,62,23682,6821,112,1087,0,0,0,137,0,0,0,2,3,0,0,0,40,0,2636,375,155,141,97,88,68,2,0,0,0,0,0,0,0,0,0,0,0,0,0,0,0,0,0,0,0,0,0,0,0,0,normal
0,47448,47527,1521,297,1913,8365,4263,4612,8507,16974,3087,5739,0,2858,0,1131,3927,226,5883,1437,0,2635,0,2102,925,617,93,1965,245,42,127,91,563,704,599,0,12,53,987,27,936,9,19,11,19,89047,11,0,1409,22,3516,1659,107,1122,0,0,0,21,120,2,257,15,0,0,134,38613,0,40,3,611,0,0,130,796,0,1794,0,4586,223,0,995,171,5,2,0,238,11823,348,1813,672,0,0,110,0,0,93,0,0,100,0,37,0,3,227,0,7176,0,0,0,0,0,0,0,0,2257,0,0,331,0,0,0,0,0,0,0,0,9,0,0,0,0,134,0,0,0,0,atopy
8340,1392,44608,1969,27088,1090,785,12442,7847,1175,0,2722,2425,0,1371,1295,1664,8364,11,131,249,4022,1805,81,0,0,231,8,394,15210,4,150,27,640,3,116,0,0,76,203,39,0,0,0,9,0,12109,14,0,587,0,235,571,38,193,0,0,0,11,0,9,0,0,0,15,0,4765,25888,0,0,0,24,542,0,0,0,0,0,37417,453,7034,6259,30,2578,0,2491,41,1665,94,3,6,0,0,0,228,26,0,7,0,2,0,14,0,0,0,0,1841,27,0,25,70,11,0,0,0,0,710,0,345,0,0,0,0,0,0,0,0,1,120,17,222,0,0,0,0,0,0,atopy
0,2409,37652,1328,1086,1528,407,1113,26795,2,0,16819,0,10,1501,0,240,883,72,1808,626,0,0,66,362,0,173,45,2154,289,15,0,1512,239,125,82,0,0,0,493,37,0,0,0,8,0,33628,0,0,268,0,3699,664,0,0,0,0,0,0,0,13,0,12,4,0,0,7772,4,11,11,1569,0,20,0,53,0,2,0,0,0,0,0,148,0,0,0,1278,0,0,0,0,0,0,0,0,0,0,0,0,52,0,12,0,0,0,0,0,1538,41,0,0,0,0,0,0,0,0,0,0,0,0,0,0,0,0,0,0,0,211,0,0,113,14159,0,0,0,0,atopy
0,4843,13986,41,776,2126,1911,4689,5135,4905,0,14491,6505,4067,1911,635,5283,2749,68,4112,670,6998,844,5720,1595,0,412,28,53,150,0,52,90,534,407,63,324,0,53,180,0,261,14,1,21,0,31256,10,0,1251,326,3573,1234,2,781,7,3,41,6,65,30,5,10,5,212,140,781,94509,14,0,886,754,6,0,43,0,16447,0,1653,184,11143,255,0,262,0,0,400,344,0,53,110,0,207,8115,0,20,30,0,0,8,143,67,0,0,366,0,735,0,8,0,0,0,65,0,0,1677,0,0,1042,0,0,0,0,0,70,32,16,130,84,0,0,0,0,0,0,0,0,atopy
0,0,56398,6043,31009,7651,0,8636,86116,0,0,6267,0,9,210,149,296,0,1267,0,0,0,5699,0,0,0,0,910,2,38567,561,0,0,1449,0,0,0,0,0,0,0,0,0,0,3040,0,975,0,0,0,0,0,0,0,0,0,0,0,119,0,278,0,0,108,0,0,2,0,0,211,3630,0,19,0,0,0,2,65,0,0,0,0,0,0,0,0,0,8206,0,2,22701,0,0,0,0,0,0,0,0,0,0,0,0,0,0,0,2,0,111,0,0,0,0,2,0,0,0,0,0,0,0,0,0,0,0,0,0,0,0,0,0,0,0,0,0,0,0,atopy
4563,0,18430,1997,159,3558,6320,3842,2346,55,7227,4091,1997,2,1014,394,3422,340,77,1795,181,719,213,0,1453,600,595,2,358,9,15,0,1002,875,26,54,0,0,20,409,0,0,0,0,12,0,26460,35,11,1120,0,49,566,0,0,0,10,0,4,0,14,0,0,2,0,0,1064,30992,0,3,6,0,8,0,0,0,0,3,0,433,0,0,0,0,6741,130,49,504,638,0,410,0,0,0,0,95,0,10,0,7,0,10,0,0,0,900,3911,0,13,0,78,0,0,0,0,268,0,0,0,0,0,0,0,0,0,0,0,0,65,0,0,0,0,0,0,0,0,atopy
0,1837,15668,0,0,369,2548,1310,10633,0,18,15732,267,11698,515,186,382,1121,77,791,114,3626,755,638,462,263,1415,6,912,18,76,4,199,2339,11,4,2,0,44,16,0,75,0,12,47,0,26561,5,0,2362,2,572,293,337,35,0,0,2,39,25,22,4,2,5,0,0,73711,98735,5,0,2,26,0,29,0,4,1315,2,3021,126,0,4897,0,0,18141,0,47,744,30,8,205,52,1448,280,0,0,66,5,0,4,0,31,0,0,11033,0,261,0,16,0,284,0,0,0,1848,0,1025,180,756,0,55,6,34,0,41,0,0,5,0,148,0,0,16616,0,2,0,0,atopy
32142,5443,33291,11486,207,651,48,1167,14571,0,6101,53740,454,6,142,166,457,1127,97,802,12,219,507,1098,250,126,474,5,2154,1279,0,0,3273,2915,106,9,0,0,0,24,11,45,0,0,15,0,36559,8,0,193,0,2093,265,757,3,28,0,3,66,16,8,0,0,3,6,0,1570,53800,0,0,736,94,0,0,581,0,0,5,16943,251,0,32,0,0,0,0,59,317,532,0,37,0,420,18,0,0,0,35,0,35,0,112,0,6,2607,0,1279,0,9,0,399,0,0,0,0,2303,720,0,267,0,0,46,0,0,0,0,0,6,296,0,0,0,0,0,0,0,0,atopy
67205,41437,64772,23868,18785,17482,15529,10601,15703,4509,3133,6491,2265,1933,1780,1164,1546,2000,1821,949,877,839,697,659,606,543,543,556,424,421,397,353,204,414,436,179,177,160,153,129,129,127,120,117,152,111,110,102,101,96,122,91,100,82,81,73,49,33,31,29,25,25,24,22,19,16,18,22,13,13,13,21,10,10,8,8,4,4,3,3,3,3,2,2,2,2,2,0,0,0,0,0,0,0,0,0,0,0,0,0,0,0,0,0,0,0,0,0,0,0,0,0,0,0,0,0,0,0,0,0,0,0,0,0,0,0,0,0,0,0,0,0,0,0,0,0,0,atopy
0,3411,11127,209,76,317,913,1180,1390,179,8303,9806,269,0,46,357,526,315,137,591,538,4628,4646,1054,221,40,91,2,142,16,6,46,14,564,264,6,68,0,7,454,0,56,0,2,44,0,26513,0,0,206,14,682,242,293,40,0,0,7,14,0,9,0,0,2,25,0,1344,57284,2,2,28,830,0,0,11,15,509,0,1308,303,7832,1422,3,0,3216,12122,63,3609,42,19,40,0,139,1042,573,0,27,14,0,0,0,28,11,0,11846,0,1867,0,10,0,0,0,0,2287,2126,748,709,522,347,52,167,66,43,537,69,0,2,4,16,181,0,0,0,0,0,0,0,atopy
0,3090,11666,267,371,3163,90,2717,14953,111,29030,47911,755,0,207,26,25,1045,69,1333,2,2,0,170,73,393,182,39,51,162,9,0,178,403,48,7,0,2,33,31,184,23,32,0,8,0,11665,78,0,5,0,1355,109,38,22,0,0,0,0,0,7,0,0,0,0,0,2355,55234,33,0,464,0,0,0,49,0,3,2,14,45,0,0,0,0,0,0,66,2884,0,0,215,0,72,2,0,100,2,23,0,3,0,5,0,0,8,0,819,0,26,0,317,0,0,0,0,0,0,0,17,0,21,112,0,0,0,0,0,0,11,4,0,0,0,0,0,0,0,atopy
931,7008,4081,0,0,914,565,1235,1018,37,0,831,309,0,9,203,194,388,50,843,23,4231,397,318,57,207,193,0,382,848,15,16,231,369,764,71,26,0,3,0,0,8,0,1,10,0,30459,0,0,2255,19,1168,52,142,4,0,0,4,17,12,9,19,0,0,0,5,2965,25897,0,0,40,764,0,0,13,13,521,0,2259,632,0,268,0,0,1176,1381,15,1614,0,0,16,0,363,3771,16,0,0,0,134,5,0,35,11,4,3123,2542,516,0,0,0,56,0,0,0,1374,835,545,226,237,90,131,70,81,61,55,20,14,13,11,9,0,0,0,0,0,0,0,atopy
0,45558,10724,0,366,374,2738,719,1217,638,3697,803,337,0,52,40,275,69,1743,762,100,3248,0,680,34,125,17,6,104,6568,60,0,570,512,1524,21,0,0,31,4,21,17,2,3,41,0,23110,0,0,1447,178,100,135,0,11,5,0,37,10,0,7,3,0,0,21,55,2462,0,3,0,4,1032,0,15,5,4,3942,0,15283,458,0,748,0,0,0,0,45,0,0,4295,585,0,34,2334,0,2,93,0,0,77,0,14,7,0,914,0,1964,0,0,0,0,0,0,0,0,0,0,108,512,0,24,27,16,0,10,0,4,2,10,24,0,0,0,0,0,15,203,atopy
0,5028,25960,0,2,218,3193,453,692,1710,457,902,71,0,12,94,27,140,15,480,123,833,222,153,15,236,137,5,642,1,4,4,16,176,0,5,0,0,3,24,0,13,83,0,9,0,14691,0,0,3537,0,174,51,102,13,0,0,2,9,0,3,0,0,0,0,3,1269,0,0,2,15,80,0,0,0,0,1057,0,2934,110,0,10931,0,559,0,0,10,829,54,125,66,45,31,78,128,2,5,0,0,0,0,13,10,0,10,0,1087,0,0,2,0,0,0,0,0,1041,0,31,267,0,691,0,34,65,9,0,0,0,5,13,0,0,551,21,15,6,188,normal
0,4,353,5,0,9,109,0,0,29,0,2,0,0,0,0,0,0,0,126,0,2,0,0,0,0,11,0,0,34,0,0,0,0,0,0,0,0,0,0,0,0,0,0,0,0,315,0,9,0,0,10,0,0,0,0,0,0,0,0,0,0,0,0,0,0,87,0,0,0,0,0,0,0,0,0,8,0,509,11,0,102,0,0,0,0,0,88,0,4,11,79,0,4,4,0,0,0,0,0,2,2,0,0,28,0,271,0,0,0,0,0,0,0,0,0,0,5,0,0,0,0,0,0,0,0,0,0,0,0,0,0,214,0,0,0,2,atopy
0,0,20627,167,37,681,1060,2626,373,0,0,383,1017,9,230,110,117,62,65,0,0,0,0,92,308,87,117,21,0,2,12,8,28,0,50,4,0,14,32,56,2,22,17,0,0,0,6768,5,0,258,40,53,94,25,73,10,0,0,7,0,0,27,0,0,0,49,52,0,5,0,4,18,2,3,0,0,1754,0,0,0,0,0,1,0,653,0,0,13,435,0,444,1577,0,64,0,0,0,0,0,98,0,0,0,0,0,0,301,0,0,0,0,0,9,0,0,0,0,0,112,0,85,0,0,0,0,0,0,0,9,0,0,0,1535,0,0,0,0,atopy
0,0,23375,442,836,738,3272,3941,16776,0,5646,35220,2068,10520,1300,64,428,4966,251,645,882,437,0,0,1491,3570,637,20,436,235,0,4,0,267,516,162,0,0,119,455,55,0,2,0,13,0,24990,11,0,138,107,1829,1526,400,303,0,21,0,0,0,36,0,0,0,0,349,1727,0,40,2,159,0,2,0,0,0,0,0,0,418,0,0,44,0,8352,0,0,1527,231,2516,1109,0,0,0,0,0,0,0,0,0,0,11,0,0,0,0,0,9,42,0,0,0,810,0,0,0,0,0,136,0,89,0,0,0,0,0,0,0,86,0,59,50,0,0,0,0,0,atopy
7694,0,15710,44,155,58,393,1160,154,6,960,97,23,0,28,36,243,53,201,0,0,99,5,23,185,61,37,40,0,459,296,0,0,33,38,3,0,0,4,8,0,0,4,0,29,0,3960,2,0,0,0,14,10,155,2,0,0,0,225,0,4,0,0,5,0,0,228,0,0,0,335,3,0,12,0,0,6,6,0,0,0,0,1,0,2081,0,5,3737,0,0,0,0,0,0,0,0,0,0,0,0,0,0,0,0,0,0,0,37,0,0,0,0,0,0,0,0,0,47,80,0,0,0,0,0,0,0,0,0,0,6,0,0,2,0,0,0,0,atopy
0,0,78427,3071,26070,1328,8350,0,7851,0,0,30316,7520,233,6271,2082,2361,659,173,3285,2736,0,0,0,707,712,172,312,118,6077,13,530,2479,400,1300,791,0,0,0,483,118,0,0,0,3,0,0,70,0,0,130,0,1236,14,66,0,0,0,0,0,18,0,4,4,0,771,80,0,57,81,0,128,3,77,15,0,0,0,0,0,0,0,484,0,10268,0,24,6400,0,489,1430,0,0,0,0,0,0,0,0,39,0,0,0,0,0,0,0,6311,2,0,0,0,3464,0,0,0,0,0,0,0,0,28,0,0,0,0,0,0,228,0,0,30,6980,0,0,0,0,atopy
13292,5,7642,73,49,43,38,850,182,2310,1216,394,226,0,49,0,16,0,25,3,4,0,9,0,0,97,9,8,15,18,6,0,140,8,2,11,0,0,0,0,0,0,0,0,12,0,343,2,0,0,0,117,10,0,0,0,0,0,0,0,0,0,0,0,0,0,0,9781,0,13,5,0,0,0,0,0,0,0,0,0,0,0,0,0,0,0,7,357,0,0,2,0,0,0,0,0,0,0,0,0,0,0,0,0,0,0,77,0,2,0,0,0,0,764,0,0,0,0,0,0,36,10,0,0,0,0,0,0,0,0,0,10,43,0,0,0,0,atopy
0,30780,30846,502,2783,2614,3676,1970,3875,0,4842,4699,0,2,1781,1073,619,452,586,0,1620,0,2428,2799,373,325,366,1169,15895,971,749,216,174,405,58,33,0,118,0,880,38,0,7,0,51,0,17808,90,0,1950,0,1032,23,0,3,0,23,0,167,36,4,0,0,6,0,11,41796,0,5,11,22,138,0,0,334,0,0,2,0,0,0,0,31,2,0,0,88,4348,0,0,4938,0,13,0,0,0,0,0,0,25,0,241,0,5,0,0,3,0,4,0,0,0,205,0,0,0,0,12,588,0,0,238,0,0,0,0,0,0,0,0,0,30,1436,0,0,0,0,atopy
12241,0,1811,0,6,46,364,95,61,0,142,262,0,0,8,10,0,60,16,13,0,80,9,15,17,21,19,0,116,34,0,0,10,9,2,0,0,0,0,3,0,0,0,0,2,0,355,0,0,0,0,52,2,16,0,0,0,0,0,0,0,0,0,0,0,0,4,9877,0,0,2,0,0,0,2,0,2,0,0,0,846,0,0,0,1504,0,0,123,0,0,0,0,0,0,3,0,0,0,0,0,0,0,0,0,0,0,10,0,0,0,0,0,0,47,88,19,0,6,23,0,2,8,0,0,0,0,0,0,0,0,0,0,0,0,3,0,0,atopy
4126,2,48244,22391,3834,379,98,6655,5833,79,2799,10881,3216,21376,2496,274,1760,827,14,0,0,0,2331,0,1190,525,75,144,0,2359,69,70,0,0,102,994,0,0,0,0,158,79,0,0,0,107,77803,16,0,0,4,0,380,0,11,0,0,6,11,0,0,5,4,0,6,0,103,0,0,267,37,51,140,22,2,13,0,0,0,0,0,0,963,17,4370,0,0,712,0,898,0,0,0,0,0,0,0,0,0,51,0,0,0,0,0,0,1214,0,0,0,0,0,209,0,0,0,0,0,0,0,0,0,0,0,0,0,0,0,115,0,327,12,3,0,0,0,0,atopy
0,1146,19729,601,341,534,159,179,252,0,0,169,54,4,150,0,512,0,36,145,25,0,12,608,45,3,0,37,1065,6,188,0,0,63,22,4,0,0,0,57,0,0,3,0,6,0,10977,0,0,0,0,0,6,0,0,2,0,0,97,0,5,0,0,0,0,0,163,0,0,2,8,0,8,0,0,0,0,0,33,66,0,1456,0,0,1580,0,0,67,288,0,304,0,0,0,0,22,0,0,0,0,0,0,0,0,0,0,0,704,7,0,0,0,0,0,0,0,0,0,32,0,0,0,0,0,0,0,0,0,20,0,0,0,464,71,0,0,0,atopy
0,76,5441,229,15,449,2157,932,150,0,57,218,311,0,4,280,61,86,864,232,0,1006,35,256,40,153,26,16,39,0,9,21,40,92,62,13,0,0,8,124,0,11,0,6,7,0,6274,0,0,9,7,138,36,11,24,0,0,2,35,0,11,6,0,8,22,7,522,106,0,0,0,192,0,0,0,14,0,4,0,31,0,1815,6,0,647,0,9,1897,3,8,32,0,0,57,0,0,2,0,0,81,4,24,0,2,0,0,938,0,0,0,0,0,0,119,177,0,198,0,268,14,202,0,20,15,0,24,6,4,2,5,0,0,0,0,0,0,0,atopy
3171,6,10803,115,240,1140,968,1363,1812,77,0,1513,1496,6679,204,78,124,649,19,1079,172,2219,445,617,292,251,240,90,1517,59,5,2,183,696,183,9,11,0,6,232,5,227,2,69,27,0,16523,36,0,1436,12,153,505,371,66,0,6,5,25,9,3,11,21,2,5,12,5462,0,8,0,77,195,0,119,164,0,837,0,17,249,0,189,0,2,3234,0,9,4404,550,279,262,96,42,61,41,27,31,21,18,8,8,6,4,0,8,0,43,0,2,0,0,0,0,0,0,0,0,0,0,0,0,0,0,0,0,0,0,3,0,0,0,0,0,0,0,0,0,atopy
6,5042,36357,410,54,3356,12945,5605,7726,47,535,3053,1492,0,643,570,1268,4342,69,4,781,10733,1114,2,51,684,381,11,673,15,4,142,61,165,129,129,48,46,85,109,7,55,0,0,10,0,1115,14,0,1757,203,1499,1041,27,641,0,0,0,5,38,27,2,0,2,0,67,1205,21,20,23,0,563,35,45,181,0,15776,0,1498,1895,2719,3154,785,0,3223,0,421,21387,4966,7600,182,22,124,1075,52,20,19,26,0,104,0,108,59,0,0,272,6581,0,22,2,9,0,0,0,0,3152,0,0,3587,0,0,0,75,0,0,127,0,23,67,89,9,0,2,0,63,0,0,atopy
0,240,282,0,14,99,700,32,1088,0,660,1357,56,0,63,40,225,796,119,121,4,5348,24,206,24,268,27,3,138,926,3,384,6,4,29,179,0,687,40,32,2,0,0,0,0,0,1920,8,0,170,80,329,105,60,0,0,4,0,0,0,0,4,0,2,0,363,14,26,0,0,63,124,2,0,15,0,878,0,554,2,0,174,1566,0,2,0,13,8983,718,480,198,0,5,2369,0,0,0,7,0,0,0,0,0,0,0,0,927,0,0,0,0,0,0,0,0,0,0,0,20,0,0,0,0,3,0,0,0,2,21,8,18,0,7,3,0,0,0,atopy
0,26,23169,716,309,161,0,649,145,0,983,288,737,25,2031,0,994,728,190,95,72,0,281,148,397,169,97,6,597,1020,106,6,16,67,39,355,0,0,22,2,8,0,12,0,0,0,5143,0,0,0,0,0,87,0,0,9,0,0,239,0,0,0,0,12,0,2,102,0,0,2,0,0,94,0,0,0,0,19,0,31,0,0,140,0,3746,0,17,611,129,0,196,0,0,0,0,0,0,0,0,23,0,0,0,0,0,0,170,0,4,0,0,0,0,0,0,0,0,0,0,0,0,0,0,0,0,0,0,0,0,0,29,5,0,0,0,0,0,atopy
0,1311,10540,8,0,146,697,220,154,2,106,46,23,0,5,68,6,109,18,335,23,266,20,45,11,11,38,0,107,8,7,2,48,68,9,0,6,0,0,33,0,7,0,0,3,0,6368,0,105,239,15,26,17,35,0,0,0,0,9,0,0,0,0,0,11,0,366,0,0,0,0,1143,0,8,0,2,63,0,411,174,0,2292,0,0,292,0,8,131,226,736,33,550,3,81,37,0,2,0,0,0,0,18,0,0,64,0,153,0,0,0,22,0,0,0,0,0,0,69,50,0,13,37,8,2,7,0,0,0,0,3,0,0,424,0,0,0,120,atopy
16084,16,23189,277,394,278,13,77,2144,2,0,558,79,11726,123,44,1931,720,583,267,4,9,179,200,0,0,159,0,7062,205,88,3,92,616,18,0,0,4,3,0,8,0,5580,0,136,0,12674,3,0,3,0,118,26,119,31,14,0,0,9216,10,123,0,0,75,0,0,28864,3,3,0,95,7,1,0,2467,0,28,18,0,28,0,842,0,0,24036,0,0,107,347,0,81,0,0,0,0,0,0,0,0,2,0,8,0,73,0,0,298,0,54,0,0,0,0,0,0,0,0,6,0,0,0,7,0,0,0,0,0,0,0,0,828,0,206,0,0,0,0,atopy
0,0,0,31,4010,708,0,0,0,0,0,7691,0,0,1454,0,0,0,134,67,0,0,0,0,0,0,31,183,0,6364,2883,8,0,0,9,137,0,0,161,0,5,0,11,0,90,0,0,0,0,0,0,141,0,0,0,0,0,0,1018,0,35,0,0,4,0,0,181,0,0,0,404,0,302,0,39,0,0,0,0,0,0,0,23,0,0,0,0,25,0,0,0,0,0,0,0,0,0,0,0,0,0,0,0,0,0,0,0,0,2,0,0,0,0,0,0,0,0,0,0,0,0,0,0,0,0,0,0,0,0,0,0,1,796,0,0,0,0,normal
3,5594,10513,244,119,1482,63,1119,6273,22,0,176,381,16996,185,120,380,5821,421,923,258,1053,1636,1136,216,101,92,4,6075,123,124,20,4091,961,90,15,16,6,0,100,2,128,21,14,212,0,50466,8,0,1030,0,990,63,7,0,0,0,5,14675,13,7,3,0,10,11,14,12069,77213,0,0,8612,23,3,0,125,0,823,2,422,140,5,0,0,0,5,3,62,7,2,0,2390,0,0,12,87,0,0,0,0,0,5,101,0,503,0,0,148,0,12,2,0,0,0,0,0,390,0,68,293,0,0,0,25,0,0,0,0,53,0,0,0,0,0,0,0,5,0,atopy
0,26944,67565,0,342,334,6276,2297,2028,0,4602,1552,101,0,330,1350,406,825,156,2975,0,1386,790,210,268,557,1636,93,0,72,216,6,2276,1173,121,36,0,1,27,266,0,97,0,0,61,0,55115,3,0,1214,0,302,83,652,0,23,0,0,221,0,9,6,0,2,0,0,13939,0,2,0,0,297,0,0,0,0,639,4,0,500,0,0,0,29,6493,0,63,259,0,124,1727,2894,0,26,0,0,102,0,2016,0,0,10,0,35,0,0,2130,0,3,0,0,0,16,6660,0,4482,0,0,783,0,177,54,0,0,0,10,0,0,0,0,0,0,0,0,0,0,0,normal
0,0,16309,51,530,214,3177,3467,447,0,0,647,657,0,827,0,118,258,27,0,0,27,0,0,99,0,15,14,0,662,13,19,165,158,139,78,0,0,14,116,0,70,0,0,0,0,1205,15,0,14,0,36,212,14,0,32,0,0,0,0,2,0,0,0,0,0,554,0,16,16,21,0,7,0,9,0,0,0,0,0,0,601,22,11,1155,0,8,365,205,0,235,0,0,0,0,0,0,0,0,5,0,0,0,0,0,0,0,60,0,0,0,0,0,0,0,120,0,0,0,0,0,0,0,0,0,0,0,0,0,0,4,0,933,0,0,0,0,atopy
4793,2563,19211,61,0,55,36,87,306,267,276,189,22,0,2,0,0,21,115,59,27,6,16,9,4,42,18,2,48,7,11,0,11,98,0,0,0,0,0,30,0,0,0,0,19,0,2945,0,0,34,0,51,0,21,0,0,0,0,2,0,2,0,0,0,0,0,2279,0,0,0,9,0,0,0,91,0,0,0,0,6,0,0,0,0,0,0,5,1093,119,62,51,0,3,0,2,0,6,0,0,0,0,2,0,0,0,0,114,0,2,0,0,0,0,0,0,0,0,0,11,0,2,3,0,0,0,0,0,0,0,0,0,0,0,0,0,0,0,atopy
0,289,7935,0,2,1462,1682,457,4342,88,0,932,128,0,8,580,57,582,46,1131,425,2689,1107,475,221,143,115,18,2692,189,45,11,823,713,1045,18,65,42,21,111,0,30,16,1,50,0,32819,2,238,1086,5,403,121,96,1,2,0,5,123,6,17,13,0,2,32,0,1937,27942,0,0,104,998,0,73,37,8,2022,0,1026,331,1198,0,0,18,1209,1034,224,395,25,0,114,3444,49,1626,943,0,208,5,184,0,12,103,31,3,526,181,1977,0,6,0,0,0,0,0,3907,0,1251,971,557,0,598,52,125,8,63,0,4,10,6,26,5,0,0,0,38,0,0,atopy
0,273,5580,0,10,973,654,2053,3312,15,0,320,1433,3,448,328,21,0,39,359,5,5951,614,749,0,0,154,0,180,2,22,0,228,102,0,0,0,0,15,0,0,153,4,0,5,0,5094,25,0,185,3,969,189,686,0,0,3,0,27,0,1,3,0,4,0,0,145,54464,6,0,16,0,0,18,5,0,0,0,0,313,0,0,0,0,4607,0,138,17636,0,0,148,0,349,271,0,0,144,0,0,0,0,90,0,0,0,0,1244,0,6,0,45,0,0,0,1682,0,273,265,0,0,441,0,119,0,0,5,0,38,0,46,0,2,0,0,24,0,0,normal
0,256,4965,0,16,154,1236,783,290,0,833,55,127,0,14,94,24,69,0,224,35,1310,38,16,13,0,26,0,23,93,2,4,15,15,215,3,0,0,0,19,0,19,9,0,0,0,3569,0,0,102,21,40,14,12,27,0,0,0,5,6,0,4,0,0,1,0,275,14507,0,0,9,260,0,0,5,0,2597,0,892,57,0,30,0,0,1083,0,0,116,21,559,9,198,3,684,8,0,0,0,0,29,2,8,39,0,0,0,319,0,0,0,0,0,0,0,0,0,0,134,175,0,0,0,2,0,9,0,0,0,0,0,0,0,411,0,0,23,0,atopy
3527,0,12418,83,214,1222,801,1032,1591,23,0,1596,1200,8292,171,31,90,809,8,947,225,2039,272,593,282,176,211,48,1508,46,4,3,176,739,142,13,12,0,2,165,3,193,0,52,14,0,21254,25,0,1534,8,167,413,364,66,0,4,5,9,12,2,0,12,0,3,8,5347,0,0,0,24,204,2,77,136,0,787,0,0,206,0,135,0,0,3017,0,15,2830,391,227,196,61,44,57,26,22,19,18,14,11,6,5,3,3,2,0,0,0,0,0,0,0,0,0,0,0,0,0,0,0,0,0,0,0,0,0,0,0,0,0,0,0,0,0,0,0,0,atopy
334,0,23353,140,60,90,0,1971,322,418,436,475,363,12,1417,233,965,2174,27,57,103,28,62,0,72,142,9,20,87,2192,20,16,4,3,27,710,0,392,21,0,2,0,0,0,0,0,0,3,135,0,6,0,9,2,0,0,0,0,5,4,0,0,18,4,0,6,60,0,0,82,3,15,8,0,0,0,0,0,0,0,0,0,74,0,0,0,2,908,0,0,0,0,0,0,0,0,0,0,0,7,0,0,0,0,0,0,0,0,0,0,0,0,0,0,271,0,57,34,0,0,0,0,0,0,0,0,0,0,0,0,131,23,0,0,0,0,0,atopy
0,250,7526,0,25,127,3875,1115,289,0,0,168,311,0,11,316,92,113,115,1220,172,715,136,31,16,113,30,0,37,75,9,6,76,16,55,0,29,0,0,51,0,36,8,3,0,0,2321,0,2425,460,16,119,71,4,45,0,0,6,103,2,0,0,5,2,17,32,298,0,0,5,8,838,0,6,35,0,2397,0,801,30,0,98,0,0,105,0,9,251,14,418,10,18,14,44,0,0,0,0,2,4,3,11,8,3,0,0,2696,0,0,0,0,0,0,0,0,0,0,25,88,14,0,8,7,0,0,5,0,1,0,0,0,0,552,0,0,0,111,atopy
0,3481,10990,18,3,88,0,0,447,3197,0,36,90,0,144,0,49,119,62,254,374,0,0,33,34,0,45,29,45,3,140,0,63,3,0,6,0,0,0,48,0,74,0,0,9,0,10527,0,0,24,0,20,0,6,0,0,0,0,130,0,0,0,2,0,0,3,2513,0,2,0,2,0,3,0,22,0,73,0,80,15,0,1384,0,0,0,0,0,41,0,0,134,0,0,5,32,0,0,0,0,4,8,0,0,3,0,0,186,0,0,0,0,0,0,0,0,0,0,0,0,0,0,0,0,0,0,0,0,0,0,0,0,0,721,0,0,0,0,atopy
0,0,5240,78,73,23,8,129,1015,0,3025,986,0,1630,2,2,0,2,0,0,0,0,4,4,0,20,2,5,11,9870,0,0,3,6,0,0,0,0,0,0,0,0,3,0,0,0,2,0,0,0,0,8,0,0,0,0,0,0,0,0,6,0,0,5,0,0,0,13302,0,0,0,0,0,0,0,0,0,0,0,0,2,0,0,0,1611,0,0,2,0,0,6,0,0,0,0,0,0,0,0,0,0,0,0,0,0,0,0,139,0,0,53,0,0,0,0,0,0,0,0,0,3,0,0,0,0,0,0,0,0,0,0,0,0,0,0,0,0,atopy
2015,103,12689,775,54,89,526,585,784,625,523,180,49,0,80,33,392,183,22,98,369,57,6,181,142,44,112,0,387,967,37,3,60,188,0,4,0,0,10,257,9,0,0,0,11,0,5192,0,0,141,0,109,56,97,0,0,0,0,331,0,0,0,0,2,0,0,0,0,0,0,0,14,7,0,0,0,66,3,0,384,22,0,29,0,0,23,22,135,828,26,470,113,30,29,4,26,3,0,0,0,0,18,0,0,0,0,458,51,2,0,0,0,2,0,0,0,0,57,89,0,0,33,0,0,0,0,0,0,13,49,0,0,0,0,0,0,0,atopy
0,0,20937,325,276,222,3174,401,1099,0,0,775,325,0,143,167,135,4,2671,1103,0,0,0,0,190,0,9,5,0,26,1204,2,0,233,33,34,6,11,0,140,0,18,21,0,45,6,6431,0,0,219,16,0,32,2,36,0,0,5,295,0,10,16,2,7,13,19,126,0,3,19,2,10,0,4,28,2,0,0,195,0,0,0,0,2,108,0,0,1804,0,0,0,0,0,53,0,0,0,0,0,38,10,0,0,1,0,0,0,0,0,0,0,0,0,0,0,0,0,0,0,0,0,0,0,0,0,0,7,0,0,0,8,0,3,0,0,44,0,atopy
0,179,13183,67,464,43,0,1564,184,3,0,887,299,0,132,0,38,209,28,80,0,0,0,0,50,0,0,5,20,3315,1,0,0,122,0,2,0,0,0,0,3,0,10,0,0,0,216,2,0,0,0,26,0,0,0,0,0,0,13,0,0,0,0,0,0,0,12,8227,2,0,379,0,4,0,15,0,478,2,0,2,0,0,3,172,212,0,0,38,0,0,0,0,0,0,0,0,0,0,0,4,0,0,0,0,0,0,66,0,3,0,0,0,98,0,0,0,0,0,0,0,0,0,0,0,0,0,0,0,7,0,0,0,3528,0,0,0,0,atopy
827,0,15086,10,154,87,2996,1078,534,1835,0,216,762,0,611,93,51,145,25,104,58,0,0,47,363,375,30,28,35,0,93,0,59,0,51,20,0,0,4,7,2,0,19,0,2,7,530,0,0,21,0,22,18,0,0,0,0,4,2,0,11,0,0,3,3,12,44,0,6,0,3,0,0,0,3,0,0,0,0,14,0,48,0,119,0,0,13,4259,0,302,54,0,0,0,0,0,0,0,0,2,0,0,0,0,0,0,335,6,0,0,0,0,2,0,0,0,0,0,81,0,0,0,0,0,0,0,0,0,8,0,0,16,623,0,0,0,0,atopy
2599,1418,3158,0,2,145,1944,480,177,6,738,176,312,0,15,90,10,128,11,91,8,1110,28,63,23,9,54,0,94,47,0,7,5,139,7,9,4,0,2,4,0,9,0,0,4,0,2329,0,0,1193,7,56,9,27,0,0,0,0,5,2,0,0,0,0,7,5,200,11521,0,0,32,12,0,3,0,0,1002,0,308,38,0,439,0,13,523,0,4,68,87,0,12,499,3,12,2,0,0,0,112,2,2,3,0,3,453,0,137,0,0,0,8,0,0,441,0,0,198,156,161,0,114,11,0,10,3,0,0,2,0,3,0,0,0,0,0,2,0,atopy
0,179,13653,0,25,313,404,1073,470,0,1360,230,100,0,12,0,44,2,150,0,99,511,11,121,69,0,2,27,262,60,0,4,0,102,36,8,7,21,9,218,0,44,2,0,6,0,5494,0,0,573,4,15,23,111,0,0,0,0,0,5,0,0,0,0,5,2,977,0,4,0,3,26,0,2,0,0,529,0,2221,0,0,2418,4,0,722,0,165,58,111,7,199,161,25,14,17,0,12,0,1448,10,3,7,0,0,0,0,179,0,0,0,0,0,0,0,0,0,0,0,517,0,125,0,7,0,27,2,0,6,0,0,0,0,0,0,0,34,0,normal
0,1148,10888,186,23,142,859,134,207,0,335,233,62,0,25,0,69,137,57,65,21,526,0,210,28,37,18,2,66,297,6,4,1,119,14,3,13,0,14,44,0,24,0,0,2,0,4290,6,0,71,3,7,23,2,0,0,0,0,0,0,0,0,0,2,6,0,1395,0,0,0,0,520,2,0,0,0,61,0,1448,20,0,170,0,0,0,0,17,1004,40,112,112,79,0,88,12,0,0,0,5,0,0,0,26,0,358,0,428,0,2,0,0,0,20,0,0,0,0,55,208,8,74,3,0,0,0,0,0,0,0,3,0,0,391,0,0,0,9,normal
6091,400,4009,12,57,176,0,183,45,0,38,3,7,0,9,1,53,66,9,69,15,0,2,64,4,0,30,2,112,3,4,0,16,30,0,0,0,0,0,21,0,0,2,0,9,0,2950,0,0,89,0,21,0,0,0,0,0,0,18,0,5,0,0,3,0,0,3436,0,0,0,5,0,0,0,0,0,0,0,0,3,0,1548,0,0,1057,0,0,43,147,0,243,0,0,0,0,0,0,0,0,2,0,0,0,0,0,0,95,3,9,0,2,0,24,0,0,0,0,0,0,0,0,0,0,0,0,0,0,0,0,0,0,0,0,0,0,0,0,normal
0,26,12802,606,0,39,96,492,363,0,1238,868,14,0,17,46,6,36,15,46,10,53,3,156,26,22,15,0,53,0,21,0,22,74,0,0,0,2,4,12,0,12,0,0,2,0,4343,3,0,68,0,20,28,99,0,0,0,0,3,2,0,0,0,3,0,0,65,0,3,0,157,7,0,0,0,0,179,0,0,0,0,674,0,0,1337,0,8,82,0,4,46,0,0,2,0,0,0,0,0,0,0,5,0,0,0,0,131,0,0,0,0,0,0,0,334,0,23,5,81,0,11,3,0,0,0,0,0,0,6,3,0,0,67,0,0,0,0,normal
0,0,21348,5,414,7,0,0,69,0,0,833,869,0,708,688,0,0,12,976,0,0,0,511,0,0,0,35,0,737,13739,6,0,25,88,0,0,0,0,0,3,0,0,0,0,0,0,0,0,0,0,0,0,0,0,0,0,0,42,0,11,0,0,0,0,0,267,0,11,0,9,0,64,0,49,0,0,2,0,0,0,0,36,0,4521,0,0,623,0,0,0,2583,0,0,0,0,0,0,0,8,0,0,0,0,0,0,0,0,7,0,0,0,0,0,0,0,0,0,0,0,0,0,0,0,0,0,0,0,0,0,52,21,0,0,0,0,0,normal
0,5,11701,73,22,342,1278,1134,96,946,4,29,508,40,15,107,66,356,71,304,2,566,71,35,42,95,66,10,58,13,5,12,0,13,66,17,26,0,0,23,5,3,6,7,6,5,4652,0,0,112,16,159,178,106,153,0,0,3,3,14,2,16,3,0,7,7,39,292,0,16,16,93,0,0,5,0,1209,0,460,41,0,57,105,0,0,0,2,758,0,411,30,0,0,604,0,0,0,2,0,2,0,21,3,0,564,0,114,0,0,0,11,0,10,0,0,0,0,0,0,0,326,0,10,0,14,0,5,5,0,0,221,0,0,946,0,2,0,normal
10581,312,1367,0,0,23,0,223,141,0,100,79,0,0,25,52,0,35,101,20,5,0,0,0,0,32,9,0,18,6,86,0,12,24,0,2,0,0,0,7,0,0,2,0,17,0,2273,0,0,3,0,13,0,0,0,0,0,0,75,0,4,0,0,0,0,0,413,25521,0,0,1932,0,0,0,5,0,0,15,32,0,0,75,0,2,1178,57,6,9,0,0,0,0,0,0,0,0,0,0,0,2,0,0,0,4,0,0,92,3,4,0,25,0,0,0,57,79,20,0,31,0,0,0,0,0,0,0,0,0,0,0,0,0,0,0,0,0,0,normal
0,150,22095,222,26,105,257,378,233,0,2551,1545,115,0,45,8,75,21,13,0,70,101,0,199,29,8,43,5,207,4,21,0,243,0,16,0,0,0,16,0,0,8,0,0,0,0,4658,0,33,121,0,70,18,124,2,0,0,0,0,0,0,0,0,0,0,0,2,0,0,0,13,0,0,0,0,0,0,0,305,0,0,2289,0,0,2442,0,8,102,105,0,231,0,75,0,6,19,0,0,12,0,0,10,0,0,0,0,31,74,0,0,0,0,0,0,0,0,0,0,69,0,0,0,0,0,0,0,0,0,0,2,0,0,0,34,2,0,0,normal
0,915,3788,5,8,99,1469,701,157,72,0,63,159,0,51,172,59,129,26,126,10,866,8,92,50,29,46,4,87,98,0,2,19,38,40,3,25,0,8,112,0,6,9,0,0,0,2711,0,0,26,8,59,59,0,2,0,0,3,0,5,4,0,3,0,12,0,153,10485,2,0,35,491,0,0,2,10,1708,0,63,61,0,34,0,5,600,0,2,338,19,0,4,0,21,392,59,0,2,0,0,8,5,11,0,0,0,0,316,0,2,4,0,2,0,0,0,123,299,20,98,0,32,11,28,0,24,0,0,0,2,9,0,0,0,24,16,0,0,normal
0,986,22843,28,311,278,30,0,855,0,0,695,105,6,115,0,170,89,64,666,7,0,365,0,100,0,90,0,1706,95,31,0,0,80,0,0,0,0,0,79,0,3,31,0,7,0,1618,0,0,1,0,47,25,0,4,0,0,0,0,0,6,0,0,2,0,8,712,0,0,7,414,0,0,0,62,0,0,0,6,11,0,32,0,5,3804,0,42,949,6,0,47,0,0,0,0,9,0,2,0,0,0,3,0,0,0,1566,231,41,0,0,133,0,7,0,182,0,320,0,0,0,0,0,0,0,0,12,0,0,4,0,10,0,638,0,0,0,0,normal
4531,283,16500,142,18,36,111,295,41,97,16,136,105,0,90,55,24,23,23,434,9,272,36,4,39,67,17,0,52,7,9,4,40,45,26,6,0,0,0,15,0,37,0,0,0,0,1648,0,0,23,0,30,36,18,22,0,6,0,103,2,2,0,0,0,0,3,349,0,0,0,8,2,0,0,2,0,37,0,236,30,0,99,0,0,615,0,3,752,45,70,11,0,0,30,4,0,0,0,0,2,0,5,0,0,1958,0,105,0,0,0,0,0,0,0,0,0,0,13,0,0,41,0,3,0,0,0,0,2,0,0,0,0,495,0,0,0,0,normal
3889,940,6232,12,2,123,847,288,205,0,1676,42,11,0,18,4,75,172,21,130,137,549,9,224,35,51,26,5,82,222,43,2,34,55,30,3,0,0,2,51,0,0,0,0,0,0,2189,2,64,66,0,63,14,90,6,0,0,0,21,8,0,0,0,0,0,0,236,11718,0,0,0,5,0,0,0,2,529,0,0,15,0,0,2,1,711,0,6,104,43,0,8,0,16,23,0,0,5,0,0,2,0,5,11,2,0,0,402,0,0,0,0,0,0,0,0,143,0,15,228,0,55,0,0,0,0,0,0,0,3,0,0,0,0,234,0,0,0,normal
0,0,18260,0,594,272,1808,623,486,155,1085,567,213,0,80,0,41,82,77,0,0,3,6,200,0,78,0,40,212,33,68,6,0,57,7,18,0,0,6,0,0,0,0,0,0,0,0,0,0,0,0,17,20,0,15,0,0,2,17,0,0,0,0,0,0,0,3,0,0,0,0,0,2,0,26,0,0,0,0,2,0,0,7,132,1188,0,0,66,0,0,0,0,0,0,7,0,0,0,0,0,0,0,0,8,0,0,0,0,0,0,0,0,15,0,0,0,0,0,173,0,0,0,0,0,0,0,0,0,6,2,0,0,0,0,0,0,0,normal
0,411,4925,91,0,81,2667,704,212,0,4,316,280,35,10,279,86,683,62,522,12,2756,118,549,194,229,85,0,213,20,0,32,11,28,18,29,95,17,7,138,0,57,0,2,0,0,2695,0,0,192,69,824,53,128,0,0,0,25,0,3,0,0,0,0,0,16,307,1170,12,0,0,449,0,0,0,10,3990,0,1306,49,0,3,0,0,232,0,7,2958,103,106,16,3279,38,541,6,0,3,2,114,0,0,3,11,0,0,0,511,0,6,0,0,0,0,411,0,58,0,116,81,0,0,0,10,0,10,0,3,2,20,29,0,0,1377,0,25,8,0,normal
0,2537,16528,0,19,74,1099,784,251,0,0,934,163,2,22,41,20,115,11,58,0,212,8,0,3,60,50,12,0,4,24,0,5,27,2,0,4,0,4,16,0,33,0,0,8,0,1913,0,0,2,0,46,20,76,0,0,0,0,5,0,0,0,0,0,3,0,24,0,0,0,0,8,0,3,0,0,0,0,0,61,0,472,0,0,747,0,0,816,0,63,9,6032,0,7,0,0,2,0,0,0,0,2,0,0,0,0,145,27,0,0,0,0,0,0,0,0,0,51,39,0,0,0,0,0,12,0,0,0,0,0,0,0,886,0,0,0,0,normal
1066,198,13888,0,26,277,974,519,347,17,687,274,139,0,22,184,547,674,107,445,17,482,9,213,130,62,93,23,147,5,0,0,0,118,128,3,0,0,5,92,0,10,0,0,2,0,5406,2,64,203,10,151,21,28,14,0,0,0,3,0,0,4,0,0,0,2,166,0,0,0,14,43,0,0,0,0,15,0,141,189,0,1354,0,3,574,0,48,11,243,0,609,9,28,62,194,2,4,0,0,0,0,26,5,0,1050,0,463,0,0,0,0,0,0,0,0,141,1442,84,145,4,0,27,7,0,7,0,2,0,3,6,9,0,0,56,0,0,0,normal
698,783,8239,0,2,101,358,856,61,0,795,81,68,0,21,73,184,29,113,186,17,712,4,0,11,7,36,5,244,10,26,6,58,77,8,0,12,0,8,90,0,8,2,0,0,0,5964,0,218,240,0,109,19,22,14,0,0,4,106,8,0,24,0,0,1,10,254,0,0,0,8,607,0,8,8,0,0,0,4041,195,0,575,0,51,373,0,6,177,63,859,71,236,29,230,0,0,7,0,7,0,0,6,2,0,0,0,215,0,0,0,0,0,0,0,0,145,0,100,263,90,58,15,21,3,6,0,0,0,2,3,0,0,0,100,0,16,76,normal
0,856,11973,42,462,296,1460,1050,651,57,1075,765,83,0,63,36,50,88,15,140,12,52,16,0,218,37,15,21,47,2,3,0,0,100,33,3,0,0,18,62,0,10,0,0,7,2,1304,12,0,3,0,68,26,96,3,0,0,0,4,0,0,0,0,4,3,0,493,0,6,0,74,0,0,0,3,0,18,6,0,5,941,0,0,367,2219,1471,3,3382,0,11,55,7,0,0,0,22,9,0,0,2,0,0,0,0,0,0,80,61,7,0,59,0,7,0,0,0,0,0,0,0,8,260,0,0,0,0,0,0,2,0,0,0,0,0,0,0,0,normal
0,1860,12081,70,29,69,0,569,145,182,601,68,60,0,99,0,41,0,1086,32,12,128,0,76,41,52,15,14,353,33,1745,5,16,0,26,9,0,0,9,27,0,25,6,0,77,3,4232,0,0,140,0,33,25,2,3,0,0,0,620,6,4,5,0,6,0,3,235,0,0,0,28,2,0,0,17,0,0,13,735,16,0,1983,0,0,557,0,5,24,124,523,56,355,0,30,0,0,0,0,0,2,0,0,0,0,35,0,135,2,2,0,0,0,0,0,0,0,0,13,25,0,0,0,0,0,0,0,0,0,0,0,6,0,0,0,0,0,0,normal
